[
  {
    "model": "polls.City",
    "pk":1,
    "fields": {
      "city_name": "New Delhi"
    }
  },
  {
    "model": "polls.City",
    "pk":2,
    "fields": {
      "city_name": "Kolkata"
    }
  },
  {
    "model": "polls.City",
    "pk":3,
    "fields": {
      "city_name": "Mumbai"
    }
  },
  {
    "model": "polls.City",
    "pk":4,
    "fields": {
      "city_name": "Bangalore"
    }
  },
  {
    "model": "polls.City",
    "pk":5,
    "fields": {
      "city_name": "Pune"
    }
  },
  {
    "model": "polls.City",
    "pk":6,
    "fields": {
      "city_name": "Hyderabad"
    }
  },
  {
    "model": "polls.City",
    "pk":7,
    "fields": {
      "city_name": "Chennai"
    }
  },
  {
    "model": "polls.City",
    "pk":8,
    "fields": {
      "city_name": "Lucknow"
    }
  },
  {
    "model": "polls.City",
    "pk":9,
    "fields": {
      "city_name": "Kochi"
    }
  },
  {
    "model": "polls.City",
    "pk":10,
    "fields": {
      "city_name": "Jaipur"
    }
  },
  {
    "model": "polls.City",
    "pk":11,
    "fields": {
      "city_name": "Ahmedabad"
    }
  },
  {
    "model": "polls.City",
    "pk":12,
    "fields": {
      "city_name": "Chandigarh"
    }
  },
  {
    "model": "polls.City",
    "pk":13,
    "fields": {
      "city_name": "Goa"
    }
  },
  {
    "model": "polls.City",
    "pk":14,
    "fields": {
      "city_name": "Indore"
    }
  },
  {
    "model": "polls.City",
    "pk":15,
    "fields": {
      "city_name": "Gangtok"
    }
  },
  {
    "model": "polls.City",
    "pk":16,
    "fields": {
      "city_name": "Nashik"
    }
  },
  {
    "model": "polls.City",
    "pk":17,
    "fields": {
      "city_name": "Gulmarg"
    }
  },
  {
    "model": "polls.City",
    "pk":18,
    "fields": {
      "city_name": "Ooty"
    }
  },
  {
    "model": "polls.City",
    "pk":19,
    "fields": {
      "city_name": "Shimla"
    }
  },
  {
    "model": "polls.City",
    "pk":20,
    "fields": {
      "city_name": "Ludhiana"
    }
  },
  {
    "model": "polls.City",
    "pk":21,
    "fields": {
      "city_name": "Guwahati"
    }
  },
  {
    "model": "polls.City",
    "pk":22,
    "fields": {
      "city_name": "Amritsar"
    }
  },
  {
    "model": "polls.City",
    "pk":23,
    "fields": {
      "city_name": "Kanpur"
    }
  },
  {
    "model": "polls.City",
    "pk":24,
    "fields": {
      "city_name": "Allahabad"
    }
  },
  {
    "model": "polls.City",
    "pk":25,
    "fields": {
      "city_name": "Aurangabad"
    }
  },
  {
    "model": "polls.City",
    "pk":26,
    "fields": {
      "city_name": "Bhopal"
    }
  },
  {
    "model": "polls.City",
    "pk":27,
    "fields": {
      "city_name": "Ranchi"
    }
  },
  {
    "model": "polls.City",
    "pk":28,
    "fields": {
      "city_name": "Visakhapatnam"
    }
  },
  {
    "model": "polls.City",
    "pk":29,
    "fields": {
      "city_name": "Bhubaneswar"
    }
  },
  {
    "model": "polls.City",
    "pk":30,
    "fields": {
      "city_name": "Coimbatore"
    }
  },
  {
    "model": "polls.City",
    "pk":31,
    "fields": {
      "city_name": "Mangalore"
    }
  },
  {
    "model": "polls.City",
    "pk":32,
    "fields": {
      "city_name": "Vadodara"
    }
  },
  {
    "model": "polls.City",
    "pk":33,
    "fields": {
      "city_name": "Nagpur"
    }
  },
  {
    "model": "polls.City",
    "pk":34,
    "fields": {
      "city_name": "Agra"
    }
  },
  {
    "model": "polls.City",
    "pk":35,
    "fields": {
      "city_name": "Dehradun"
    }
  },
  {
    "model": "polls.City",
    "pk":36,
    "fields": {
      "city_name": "Mysore"
    }
  },
  {
    "model": "polls.City",
    "pk":37,
    "fields": {
      "city_name": "Puducherry"
    }
  },
  {
    "model": "polls.City",
    "pk":38,
    "fields": {
      "city_name": "Surat"
    }
  },
  {
    "model": "polls.City",
    "pk":39,
    "fields": {
      "city_name": "Varanasi"
    }
  },
  {
    "model": "polls.City",
    "pk":40,
    "fields": {
      "city_name": "Patn"
    }
  },
  {
    "model": "polls.Customer",
    "pk": 1,
    "fields": {
      "u_name": "Basava",
      "u_address": "E402 Azad",
      "u_mobile": 933979323 ,
      "u_city": "Kolkata",
      "u_email": "basava726.k@gmail.com",
      "u_password": "bas",
      "u_latest_cart_id": 0 
    }
  },
  {
    "model": "polls.Customer",
    "pk": 2,
    "fields": {
      "u_name": "Vp",
      "u_address": "LBS",
      "u_mobile": 933937151 ,
      "u_city": "Mumbai",
      "u_email": "vp@gmail.com",
      "u_password": "bas",
      "u_latest_cart_id": 0 
    }
  },
  {
    "model": "polls.Customer",
    "pk": 3,
    "fields": {
      "u_name": "Akhil",
      "u_address": "LBS",
      "u_mobile": 933988050 ,
      "u_city": "Delhi NCR",
      "u_email": "akhil@gmail.com",
      "u_password": "bas",
      "u_latest_cart_id": 0 
    }
  },
  {
    "model": "polls.Customer",
    "pk": 4,
    "fields": {
      "u_name": "Rick",
      "u_address": "Rk",
      "u_mobile": 933982080 ,
      "u_city": "Pune",
      "u_email": "rick@gmail.com",
      "u_password": "bas",
      "u_latest_cart_id": 0 
    }
  },
  {
    "model": "polls.Customer",
    "pk": 5,
    "fields": {
      "u_name": "Sn",
      "u_address": "Rk",
      "u_mobile": 933930379 ,
      "u_city": "Bangalore",
      "u_email": "sn@gmail.com",
      "u_password": "bas",
      "u_latest_cart_id": 0 
    }
  },
  {
    "model": "polls.Restaurant",
    "pk":1,
    "fields": {
      "r_name": "Hauz Khas Social",
      "r_address": "9-A & 12, Hauz Khas Village, New Delhi",
      "r_mobile": 9933937100,
      "r_city": "New Delhi",
      "r_email": "delhi1@gmail.com",
      "r_password": "password",
      "r_rating": 4.3,
      "img_url": "https://b.zmtcdn.com/data/pictures/2/308322/cf86dbd8b8ca4d40682c7713f112cc07_featured_v2.jpg"
    }
  },
  {
    "model": "polls.Restaurant",
    "pk":2,
    "fields": {
      "r_name": "Farzi Cafe",
      "r_address": "38/39, Level 1, Block E , Inner Circle, Connaught Place, New Delhi",
      "r_mobile": 9933937101,
      "r_city": "New Delhi",
      "r_email": "delhi2@gmail.com",
      "r_password": "password",
      "r_rating": 4.4,
      "img_url": "https://b.zmtcdn.com/data/pictures/3/18233593/b547de994b81df6b39ac8ffd76136bfb_featured_v2.jpg"
    }
  },
  {
    "model": "polls.Restaurant",
    "pk":3,
    "fields": {
      "r_name": "Molecule Air Bar",
      "r_address": "4th Floor, SCO 53, Main Market, Sector 29, Gurgaon",
      "r_mobile": 9933937102,
      "r_city": "New Delhi",
      "r_email": "delhi3@gmail.com",
      "r_password": "password",
      "r_rating": 4.2,
      "img_url": "https://b.zmtcdn.com/data/pictures/3/18157413/2c52bcf5b4e2e276130fed24b07416ab_featured_v2.jpg"
    }
  },
  {
    "model": "polls.Restaurant",
    "pk":4,
    "fields": {
      "r_name": "Tamasha",
      "r_address": "28, Kasturba Gandhi Marg, Connaught Place, New Delhi",
      "r_mobile": 9933937103,
      "r_city": "New Delhi",
      "r_email": "delhi4@gmail.com",
      "r_password": "password",
      "r_rating": 3.9,
      "img_url": "https://b.zmtcdn.com/data/pictures/8/18238278/5c08b8b6281efd00dcec3894dba551c5_featured_v2.jpg"
    }
  },
  {
    "model": "polls.Restaurant",
    "pk":5,
    "fields": {
      "r_name": "Jungle Jamboree",
      "r_address": "P-17/90, Outer Circle, Connaught Place, New Delhi",
      "r_mobile": 9933937104,
      "r_city": "New Delhi",
      "r_email": "delhi5@gmail.com",
      "r_password": "password",
      "r_rating": 3.8,
      "img_url": "https://b.zmtcdn.com/data/pictures/4/18157384/c7f4b2cf75731c300a92212f281b91b0_featured_v2.jpg"
    }
  },
  {
    "model": "polls.Restaurant",
    "pk":6,
    "fields": {
      "r_name": "Echoes Satyaniketan",
      "r_address": "17, 1st Floor, Opposite Sri Venkateshwara College, Satyaniketan, New Delhi",
      "r_mobile": 9933937105,
      "r_city": "New Delhi",
      "r_email": "delhi6@gmail.com",
      "r_password": "password",
      "r_rating": 4.6,
      "img_url": "https://b.zmtcdn.com/data/pictures/1/18237321/fd0bb4337c2f80f603a02b9772a0bf5f_featured_v2.jpg"
    }
  },
  {
    "model": "polls.Restaurant",
    "pk":7,
    "fields": {
      "r_name": "The Flying Saucer Cafe",
      "r_address": "Ground Floor, Epicuria Food Mall, Nehru Place Metro Station, Nehru Place, New Delhi",
      "r_mobile": 9933937106,
      "r_city": "New Delhi",
      "r_email": "delhi7@gmail.com",
      "r_password": "password",
      "r_rating": 4.3,
      "img_url": "https://b.zmtcdn.com/data/pictures/9/304299/53b90660d8b6468281e7e92c3466e4ef_featured_v2.jpg"
    }
  },
  {
    "model": "polls.Restaurant",
    "pk":8,
    "fields": {
      "r_name": "Cafeteria & Co.",
      "r_address": "G 14, Hudson Lane, Vijay Nagar, New Delhi",
      "r_mobile": 9933937107,
      "r_city": "New Delhi",
      "r_email": "delhi8@gmail.com",
      "r_password": "password",
      "r_rating": 4.4,
      "img_url": "https://b.zmtcdn.com/data/pictures/4/18273624/cf37a2abfb28cdffe5d96b096d841374_featured_v2.jpg"
    }
  },
  {
    "model": "polls.Restaurant",
    "pk":9,
    "fields": {
      "r_name": "My Bar Headquarters",
      "r_address": "N-49, 2nd Floor, Connaught Place, New Delhi",
      "r_mobile": 9933937108,
      "r_city": "New Delhi",
      "r_email": "delhi9@gmail.com",
      "r_password": "password",
      "r_rating": 3.6,
      "img_url": "https://b.zmtcdn.com/data/pictures/7/311057/6d34c0e230aced20c74a2100e5b75b96_featured_v2.jpg"
    }
  },
  {
    "model": "polls.Restaurant",
    "pk":10,
    "fields": {
      "r_name": "Lodi - The Garden Restaurant",
      "r_address": "Opposite Mausam Bhawan, Near Gate 1, Lodhi Road, New Delhi",
      "r_mobile": 9933937109,
      "r_city": "New Delhi",
      "r_email": "delhi10@gmail.com",
      "r_password": "password",
      "r_rating": 4.2,
      "img_url": "https://b.zmtcdn.com/data/pictures/8/1188/d187f7b370687a0a7856b9d2a20f8206_featured_v2.jpg"
    }
  },
  {
    "model": "polls.Restaurant",
    "pk":11,
    "fields": {
      "r_name": "Peter Cat",
      "r_address": "18A, Park Street, Park Street Area, Kolkata",
      "r_mobile": 9933937110,
      "r_city": "Kolkata",
      "r_email": "kolkata1@gmail.com",
      "r_password": "password",
      "r_rating": 4.3,
      "img_url": "https://b.zmtcdn.com/data/pictures/4/20404/c46422afc522370cdce81a412a9cdbe5_featured_v2.jpg"
    }
  },
  {
    "model": "polls.Restaurant",
    "pk":12,
    "fields": {
      "r_name": "Barbeque Nation",
      "r_address": "K1, RDB Boulevard, Block EP & GP, Sector 5, Salt Lake",
      "r_mobile": 9933937111,
      "r_city": "Kolkata",
      "r_email": "kolkata2@gmail.com",
      "r_password": "password",
      "r_rating": 4.9,
      "img_url": "https://b.zmtcdn.com/data/pictures/chains/2/20842/b53d903894e2fe2e49ca0e8671e40546_featured_v2.jpg"
    }
  },
  {
    "model": "polls.Restaurant",
    "pk":13,
    "fields": {
      "r_name": "Barbeque Nation",
      "r_address": "24, 1st Floor, Park Center Building, Park Street Area, Kolkata",
      "r_mobile": 9933937112,
      "r_city": "Kolkata",
      "r_email": "kolkata3@gmail.com",
      "r_password": "password",
      "r_rating": 4.9,
      "img_url": "https://b.zmtcdn.com/data/pictures/chains/2/20842/b53d903894e2fe2e49ca0e8671e40546_featured_v2.jpg"
    }
  },
  {
    "model": "polls.Restaurant",
    "pk":14,
    "fields": {
      "r_name": "Spice Kraft",
      "r_address": "54/1/2A, Hazra Road, Ballygunge Phari, Near Hazra Law College, Ballygunge, Kolkata",
      "r_mobile": 9933937113,
      "r_city": "Kolkata",
      "r_email": "kolkata4@gmail.com",
      "r_password": "password",
      "r_rating": 4.7,
      "img_url": "https://b.zmtcdn.com/data/pictures/2/18017612/913fd9a8d220821947d29c87320fcfc6_featured_v2.jpg"
    }
  },
  {
    "model": "polls.Restaurant",
    "pk":15,
    "fields": {
      "r_name": "What's Up",
      "r_address": "122A, Southern Avenue, Kolkata",
      "r_mobile": 9933937114,
      "r_city": "Kolkata",
      "r_email": "kolkata5@gmail.com",
      "r_password": "password",
      "r_rating": 4.0,
      "img_url": "https://b.zmtcdn.com/data/pictures/5/18017615/2161c22b7f6d739f29dad73b82877d32_featured_v2.jpg"
    }
  },
  {
    "model": "polls.Restaurant",
    "pk":16,
    "fields": {
      "r_name": "6 Ballygunge Place",
      "r_address": "6, Ballygunge Place, Ballygunge, Kolkata",
      "r_mobile": 9933937115,
      "r_city": "Kolkata",
      "r_email": "kolkata6@gmail.com",
      "r_password": "password",
      "r_rating": 4.5,
      "img_url": "https://b.zmtcdn.com/data/pictures/2/20002/030e968ac3c0f86e37439b1e408675c4_featured_v2.jpg"
    }
  },
  {
    "model": "polls.Restaurant",
    "pk":17,
    "fields": {
      "r_name": "Fly Kouzina",
      "r_address": "AD 73, Near BD Market Bus Stop, Sector 1, Salt Lake",
      "r_mobile": 9933937116,
      "r_city": "Kolkata",
      "r_email": "kolkata7@gmail.com",
      "r_password": "password",
      "r_rating": 4.1,
      "img_url": "https://b.zmtcdn.com/data/pictures/0/24760/bc07a12bd91bbc84dc93c6d9e85f5de3_featured_v2.jpg"
    }
  },
  {
    "model": "polls.Restaurant",
    "pk":18,
    "fields": {
      "r_name": "The Irish House",
      "r_address": "5th Floor, Quest Mall, 33, Syed Ali Amir Avenue, Ballygunge, Kolkata",
      "r_mobile": 9933937117,
      "r_city": "Kolkata",
      "r_email": "kolkata8@gmail.com",
      "r_password": "password",
      "r_rating": 4.3,
      "img_url": "https://b.zmtcdn.com/data/pictures/chains/6/24286/7a4b35bc02e6a20512ba7ceea15a39bf_featured_v2.jpg"
    }
  },
  {
    "model": "polls.Restaurant",
    "pk":19,
    "fields": {
      "r_name": "Oudh 1590",
      "r_address": "23/B, Desapriya Park(West), Desapriya Park, Kolkata",
      "r_mobile": 9933937118,
      "r_city": "Kolkata",
      "r_email": "kolkata9@gmail.com",
      "r_password": "password",
      "r_rating": 4.3,
      "img_url": "https://b.zmtcdn.com/data/pictures/3/23273/e5a2345568a71afaaed4daf5aef6cede_featured_v2.jpg"
    }
  },
  {
    "model": "polls.Restaurant",
    "pk":20,
    "fields": {
      "r_name": "Mocambo",
      "r_address": "25B Park Street, Park Street Area, Kolkata",
      "r_mobile": 9933937119,
      "r_city": "Kolkata",
      "r_email": "kolkata0@gmail.com",
      "r_password": "password",
      "r_rating": 3.4,
      "img_url": "https://b.zmtcdn.com/data/pictures/0/20350/175a59103265680af449838fbf2d7ef5_featured_v2.jpg"
    }
  },
  {
    "model": "polls.Restaurant",
    "pk":21,
    "fields": {
      "r_name": "Prithvi Cafe",
      "r_address": "Prithvi Theatre, Janki Kutir, Juhu Church Road, Juhu, Mumbai",
      "r_mobile": 9933937120,
      "r_city": "Mumbai",
      "r_email": "mumbai0@gmail.com",
      "r_password": "password",
      "r_rating": 4.3,
      "img_url": "https://b.zmtcdn.com/data/pictures/3/36403/d5004e24cef676077600367602252f2c_featured_v2.jpg"
    }
  },
  {
    "model": "polls.Restaurant",
    "pk":22,
    "fields": {
      "r_name": "Tea Villa Cafe",
      "r_address": "31, Opposite Globus, Hill Road, Bandra West",
      "r_mobile": 9933937121,
      "r_city": "Mumbai",
      "r_email": "mumbai9@gmail.com",
      "r_password": "password",
      "r_rating": 3.9,
      "img_url": "https://b.zmtcdn.com/data/pictures/chains/6/49486/3e886a1b4dbf7670105c528e3c651e3c_featured_v2.jpg"
    }
  },
  {
    "model": "polls.Restaurant",
    "pk":23,
    "fields": {
      "r_name": "Tea Villa Cafe",
      "r_address": "28, Aaram Nagar 1, Opposite Dariya Mahal, Versova, Andheri West",
      "r_mobile": 9933937122,
      "r_city": "Mumbai",
      "r_email": "mumbai8@gmail.com",
      "r_password": "password",
      "r_rating": 3.8,
      "img_url": "https://b.zmtcdn.com/data/pictures/chains/6/49486/3e886a1b4dbf7670105c528e3c651e3c_featured_v2.jpg"
    }
  },
  {
    "model": "polls.Restaurant",
    "pk":24,
    "fields": {
      "r_name": "145 Kala Ghoda",
      "r_address": "145, Kala Ghoda, Fort, Mumbai",
      "r_mobile": 9933937123,
      "r_city": "Mumbai",
      "r_email": "mumbai6@gmail.com",
      "r_password": "password",
      "r_rating": 4.1,
      "img_url": "https://b.zmtcdn.com/data/pictures/7/18233317/3d7589f6b39caf90d4901df246f5794e_featured_v2.jpg"
    }
  },
  {
    "model": "polls.Restaurant",
    "pk":25,
    "fields": {
      "r_name": "Mirchi And Mime",
      "r_address": "Transocean House, Lake Boulevard, Hiranandani Business Park, Powai, Mumbai",
      "r_mobile": 9933937124,
      "r_city": "Mumbai",
      "r_email": "mumbai7@gmail.com",
      "r_password": "password",
      "r_rating": 4.9,
      "img_url": "https://b.zmtcdn.com/data/pictures/4/17806994/460a8e3456680be69970e4afdf7b5636_featured_v2.jpg"
    }
  },
  {
    "model": "polls.Restaurant",
    "pk":26,
    "fields": {
      "r_name": "MasalaBar",
      "r_address": "Level 1, Gagangiri Apartments, Carter Road, Bandra West",
      "r_mobile": 9933937125,
      "r_city": "Mumbai",
      "r_email": "mumbai5@gmail.com",
      "r_password": "password",
      "r_rating": 4.4,
      "img_url": "https://b.zmtcdn.com/data/pictures/4/18242554/1329f8d0c0edf83624e85740cf51174d_featured_v2.jpg"
    }
  },
  {
    "model": "polls.Restaurant",
    "pk":27,
    "fields": {
      "r_name": "The Junkyard Cafe",
      "r_address": "164, Hill Road, Bandra West",
      "r_mobile": 9933937126,
      "r_city": "Mumbai",
      "r_email": "mumbai4@gmail.com",
      "r_password": "password",
      "r_rating": 3.8,
      "img_url": "https://b.zmtcdn.com/data/pictures/2/18386372/387175ae50d5b6e0919bedbb70501549_featured_v2.jpeg"
    }
  },
  {
    "model": "polls.Restaurant",
    "pk":28,
    "fields": {
      "r_name": "Grandmama's Cafe",
      "r_address": "Shop 5, Near Swaminarayan Mandir, Pritam Estate, Dadar East, Mumbai",
      "r_mobile": 9933937127,
      "r_city": "Mumbai",
      "r_email": "mumbai3@gmail.com",
      "r_password": "password",
      "r_rating": 4.0,
      "img_url": "https://b.zmtcdn.com/data/pictures/8/18175468/927fdb9d3b339728364313a86401d123_featured_v2.jpg"
    }
  },
  {
    "model": "polls.Restaurant",
    "pk":29,
    "fields": {
      "r_name": "Joey's Pizza",
      "r_address": "6 & 7, Upvan Building, Near Indian Oil Colony, DN Nagar, Azad Nagar, Mumbai",
      "r_mobile": 9933937128,
      "r_city": "Mumbai",
      "r_email": "mumbai2@gmail.com",
      "r_password": "password",
      "r_rating": 4.1,
      "img_url": "https://b.zmtcdn.com/data/pictures/7/35217/3bba26b2d691279aa4fe735172a2ab9a_featured_v2.jpg"
    }
  },
  {
    "model": "polls.Restaurant",
    "pk":30,
    "fields": {
      "r_name": "The Fusion Kitchen",
      "r_address": "Shop 1, Opposite Veda Building, Near Bhavdevi Garage, Holy Cross Road, IC colony, Borivali West, Mumbai",
      "r_mobile": 9933937129,
      "r_city": "Mumbai",
      "r_email": "mumbai1@gmail.com",
      "r_password": "password",
      "r_rating": 4.7,
      "img_url": "https://b.zmtcdn.com/data/pictures/2/18075122/8842253b061aaa2c72d95dc8bd248216_featured_v2.jpg"
    }
  },
  {
    "model": "polls.Restaurant",
    "pk":31,
    "fields": {
      "r_name": "Big Brewsky",
      "r_address": "Behind MK Retail, Before WIPRO Corporate Office, Sarjapur Road, Bangalore",
      "r_mobile": 9933937130,
      "r_city": "Bangalore",
      "r_email": "bangalore9@gmail.com",
      "r_password": "password",
      "r_rating": 4.5,
      "img_url": "https://b.zmtcdn.com/data/pictures/2/58882/9b20e6096ed5cbc58a598cc13e56aaa4_featured_v2.jpg"
    }
  },
  {
    "model": "polls.Restaurant",
    "pk":32,
    "fields": {
      "r_name": "Koramangala Social",
      "r_address": "118, Koramangala Industrial Area, Koramangala 7th Block, Bangalore",
      "r_mobile": 9933937131,
      "r_city": "Bangalore",
      "r_email": "bangalore8@gmail.com",
      "r_password": "password",
      "r_rating": 4.6,
      "img_url": "https://b.zmtcdn.com/data/pictures/3/18385443/f144276c228aa292b98a9b6e05e7ae88_featured_v2.jpg"
    }
  },
  {
    "model": "polls.Restaurant",
    "pk":33,
    "fields": {
      "r_name": "Onesta",
      "r_address": "501, Binnamangala Extension, 1st stage, C.M.H Road, Indiranagar, Bangalore",
      "r_mobile": 9933937132,
      "r_city": "Bangalore",
      "r_email": "bangalore7@gmail.com",
      "r_password": "password",
      "r_rating": 4.3,
      "img_url": "https://b.zmtcdn.com/data/pictures/chains/0/59840/923a6d6dde8058dd4ef75e1451919bde_featured_v2.jpg"
    }
  },
  {
    "model": "polls.Restaurant",
    "pk":34,
    "fields": {
      "r_name": "Flechazo",
      "r_address": "9/1, 1st Floor, Above Surya Nissan, VRR Orchid, Doddanakkundi, Marathahalli, Bangalore",
      "r_mobile": 9933937133,
      "r_city": "Bangalore",
      "r_email": "bangalore6@gmail.com",
      "r_password": "password",
      "r_rating": 4.4,
      "img_url": "https://b.zmtcdn.com/data/pictures/1/18353121/4cc958f4bc9cea451b2eef901320eda8_featured_v2.jpg"
    }
  },
  {
    "model": "polls.Restaurant",
    "pk":35,
    "fields": {
      "r_name": "Toit",
      "r_address": "298, Namma Metro Pillar 62, 100 Feet Road, Indiranagar, Bangalore",
      "r_mobile": 9933937134,
      "r_city": "Bangalore",
      "r_email": "bangalore5@gmail.com",
      "r_password": "password",
      "r_rating": 4.7,
      "img_url": "https://b.zmtcdn.com/data/pictures/5/51705/0511890ed0a7aebda1f1d9370d17b306_featured_v2.jpg"
    }
  },
  {
    "model": "polls.Restaurant",
    "pk":36,
    "fields": {
      "r_name": "AB's - Absolute Barbecues",
      "r_address": "CPR Towers, Near Jayadeva Flyover, 100 Feet Road, 1st Phase, 2nd Stage, BTM, Bangalore",
      "r_mobile": 9933937135,
      "r_city": "Bangalore",
      "r_email": "bangalore44@gmail.com",
      "r_password": "password",
      "r_rating": 4.9,
      "img_url": "https://b.zmtcdn.com/data/pictures/chains/8/56618/bcf6a23c6fc2a84a36d55e99297607a5_featured_v2.jpg"
    }
  },
  {
    "model": "polls.Restaurant",
    "pk":37,
    "fields": {
      "r_name": "Eat Street",
      "r_address": "11, 80 Feet Road, Opposite Indian Oil Petrol Pump, Koramangala 6th Block, Bangalore",
      "r_mobile": 9933937136,
      "r_city": "Bangalore",
      "r_email": "bangalore4@gmail.com",
      "r_password": "password",
      "r_rating": 4.3,
      "img_url": "https://b.zmtcdn.com/data/pictures/8/18305628/4f663eef25574a97a23e525f1b28b580_featured_v2.jpg"
    }
  },
  {
    "model": "polls.Restaurant",
    "pk":38,
    "fields": {
      "r_name": "Farzi Cafe",
      "r_address": "202, Level 2, UB City, Vittal Mallya Road, Lavelle Road, Bangalore",
      "r_mobile": 9933937137,
      "r_city": "Bangalore",
      "r_email": "bangalore3@gmail.com",
      "r_password": "password",
      "r_rating": 4.4,
      "img_url": "https://b.zmtcdn.com/data/pictures/4/18339874/d359a09685ebc079a6907a98aef243a9_featured_v2.jpg"
    }
  },
  {
    "model": "polls.Restaurant",
    "pk":39,
    "fields": {
      "r_name": "The Hole in the Wall Cafe",
      "r_address": "4, 8th Main Road, 4th Block, Koramangala 4th Block, Bangalore",
      "r_mobile": 9933937138,
      "r_city": "Bangalore",
      "r_email": "bangalore2@gmail.com",
      "r_password": "password",
      "r_rating": 4.4,
      "img_url": "https://b.zmtcdn.com/data/pictures/4/54044/8ec0180fdd1d6f05c243c5c5d1f0d567_featured_v2.jpg"
    }
  },
  {
    "model": "polls.Restaurant",
    "pk":40,
    "fields": {
      "r_name": "Onesta",
      "r_address": "Site 15, 15th Cross, 100 Feet Road, 4th Phase, JP Nagar, Bangalore",
      "r_mobile": 9933937139,
      "r_city": "Bangalore",
      "r_email": "bangalore1@gmail.com",
      "r_password": "password",
      "r_rating": 4.7,
      "img_url": "https://b.zmtcdn.com/data/pictures/9/18359919/0c2934bcb4ebac53d661dcc93d89f27a_featured_v2.jpg"
    }
  },
  {
    "model": "polls.Restaurant",
    "pk":41,
    "fields": {
      "r_name": "The Urban Foundry",
      "r_address": "1, Balewadi High Street, Cummins India Office Campus, Baner-Balewadi Link Road, Pune",
      "r_mobile": 9933937140,
      "r_city": "Pune",
      "r_email": "pune9@gmail.com",
      "r_password": "password",
      "r_rating": 4.4,
      "img_url": "https://b.zmtcdn.com/data/pictures/3/6508323/4d6cd48b90ec5d5a21f0591bb2597c91_featured_v2.jpg"
    }
  },
  {
    "model": "polls.Restaurant",
    "pk":42,
    "fields": {
      "r_name": "Farzi Cafe",
      "r_address": "Level 1 & 2, Fortaleza Complex, East Avenue, Kalyani Nagar, Pune",
      "r_mobile": 9933937141,
      "r_city": "Pune",
      "r_email": "pune8@gmail.com",
      "r_password": "password",
      "r_rating": 4.4,
      "img_url": "https://b.zmtcdn.com/data/pictures/3/18354483/813bd1cde0bdf720b24edbfecbd484dc_featured_v2.jpg"
    }
  },
  {
    "model": "polls.Restaurant",
    "pk":43,
    "fields": {
      "r_name": "Le Plaisir",
      "r_address": "759/125, Rajkamal, Opposite Kelkar Eye Hospital, Prabhat Road, Deccan Gymkhana, Pune",
      "r_mobile": 9933937142,
      "r_city": "Pune",
      "r_email": "pune7@gmail.com",
      "r_password": "password",
      "r_rating": 4.8,
      "img_url": "https://b.zmtcdn.com/data/pictures/1/13231/c0b95e03c560e12ffd1c8c9f23d6098d_featured_v2.jpg"
    }
  },
  {
    "model": "polls.Restaurant",
    "pk":44,
    "fields": {
      "r_name": "Kargo",
      "r_address": "Shop 1&2, Marvel Alaina, Lane  8, Near Godrej Nature's Basket, Koregaon Park, Pune",
      "r_mobile": 9933937143,
      "r_city": "Pune",
      "r_email": "pune6@gmail.com",
      "r_password": "password",
      "r_rating": 4.3,
      "img_url": "https://b.zmtcdn.com/data/pictures/0/18350020/2704fb6b72aced47cfc2ed16ed44dc93_featured_v2.jpg"
    }
  },
  {
    "model": "polls.Restaurant",
    "pk":45,
    "fields": {
      "r_name": "Effingut Brewerkz",
      "r_address": "4, Deron Heights, Next to Ranka Jewellers, Baner, Pune",
      "r_mobile": 9933937144,
      "r_city": "Pune",
      "r_email": "pune5@gmail.com",
      "r_password": "password",
      "r_rating": 4.3,
      "img_url": "https://b.zmtcdn.com/data/pictures/2/18378852/5e3fea836881c3a9909311756e62d9f0_featured_v2.jpg"
    }
  },
  {
    "model": "polls.Restaurant",
    "pk":46,
    "fields": {
      "r_name": "Effingut Brewerkz",
      "r_address": "End of Lane Number 6, Koregaon Park, Pune",
      "r_mobile": 9933937145,
      "r_city": "Pune",
      "r_email": "pune53@gmail.com",
      "r_password": "password",
      "r_rating": 4.3,
      "img_url": "https://b.zmtcdn.com/data/pictures/9/6504409/ce11cda6cd9fe6e371185e660e6cba3b_featured_v2.jpg"
    }
  },
  {
    "model": "polls.Restaurant",
    "pk":47,
    "fields": {
      "r_name": "Tales & Spirits",
      "r_address": "Plot 64, Shivaji Housing Society, Off Senapati Bapat Road, Senapati Bapat Road, Pune",
      "r_mobile": 9933937146,
      "r_city": "Pune",
      "r_email": "pune4@gmail.com",
      "r_password": "password",
      "r_rating": 4.1,
      "img_url": "https://b.zmtcdn.com/data/pictures/7/6507967/3d20297f16ad27e87e3c3f5dffc9410b_featured_v2.jpg"
    }
  },
  {
    "model": "polls.Restaurant",
    "pk":48,
    "fields": {
      "r_name": "The Sassy Spoon",
      "r_address": "Lane 7, Sanskruti Lifestyle Complex, Koregaon Park, Pune",
      "r_mobile": 9933937147,
      "r_city": "Pune",
      "r_email": "pune3@gmail.com",
      "r_password": "password",
      "r_rating": 4.1,
      "img_url": "https://b.zmtcdn.com/data/pictures/4/18417624/1ca5684430bd0b4664163831c9745ea1_featured_v2.jpg"
    }
  },
  {
    "model": "polls.Restaurant",
    "pk":49,
    "fields": {
      "r_name": "Apache",
      "r_address": "Shop 3, Turning Point, Behind Phoenix Mall, Viman Nagar, Pune",
      "r_mobile": 9933937148,
      "r_city": "Pune",
      "r_email": "pune2@gmail.com",
      "r_password": "password",
      "r_rating": 4.1,
      "img_url": "https://b.zmtcdn.com/data/pictures/5/6507495/cb2ba46a5342814f59174bb06b1159b7_featured_v2.jpg"
    }
  },
  {
    "model": "polls.Restaurant",
    "pk":50,
    "fields": {
      "r_name": "The Little Next Door",
      "r_address": "D-10, Central Avenue, Kalyani Nagar, Pune",
      "r_mobile": 9933937149,
      "r_city": "Pune",
      "r_email": "pune1@gmail.com",
      "r_password": "password",
      "r_rating": 4.1,
      "img_url": "https://b.zmtcdn.com/data/pictures/9/6505309/bda4ac5acaf83c8ba74921359a8375af_featured_v2.jpg"
    }
  },
  {
    "model": "polls.Restaurant",
    "pk":51,
    "fields": {
      "r_name": "AB's - Absolute Barbecues",
      "r_address": "Plot 483, 4th Floor, Pemmasani Complex, Bajaj Electronics Building, Near Madhapur Police Station, Road 36, Jubilee Hills, Hyderabad",
      "r_mobile": 9933937150,
      "r_city": "Hyderabad",
      "r_email": "hyd0@gmail.com",
      "r_password": "password",
      "r_rating": 4.8,
      "img_url": "https://b.zmtcdn.com/data/pictures/chains/6/94286/03f9b486fce584ca7aab33b1435334f2_featured_v2.jpg"
    }
  },
  {
    "model": "polls.Restaurant",
    "pk":52,
    "fields": {
      "r_name": "Exotica",
      "r_address": "Opposite Audi Showroom, 5th Floor, 12th Square Building, Road 12, Banjara Hills, Hyderabad",
      "r_mobile": 9933937151,
      "r_city": "Hyderabad",
      "r_email": "hyd9@gmail.com",
      "r_password": "password",
      "r_rating": 4.3,
      "img_url": "https://b.zmtcdn.com/data/pictures/4/90744/d025507786b9bac4a280d24b92fc28bd_featured_v2.jpg"
    }
  },
  {
    "model": "polls.Restaurant",
    "pk":53,
    "fields": {
      "r_name": "Chili's",
      "r_address": "F 48, 1st Floor, Inorbit Mall, Hitech City, Hyderabad",
      "r_mobile": 9933937152,
      "r_city": "Hyderabad",
      "r_email": "hyd8@gmail.com",
      "r_password": "password",
      "r_rating": 4.7,
      "img_url": "https://b.zmtcdn.com/data/pictures/chains/7/90847/4e5a2990208c99a87a83fb773298823b_featured_v2.jpg"
    }
  },
  {
    "model": "polls.Restaurant",
    "pk":54,
    "fields": {
      "r_name": "Prost Brew Pub",
      "r_address": "882/A Road No 45, Jubilee Hills, Hyderabad",
      "r_mobile": 9933937153,
      "r_city": "Hyderabad",
      "r_email": "hyd7@gmail.com",
      "r_password": "password",
      "r_rating": 4.1,
      "img_url": "https://b.zmtcdn.com/data/pictures/9/18356469/136c5824b8f079ed80a954860a5f3708_featured_v2.png"
    }
  },
  {
    "model": "polls.Restaurant",
    "pk":55,
    "fields": {
      "r_name": "Chili's",
      "r_address": "Flat 48, Ground Floor, Opposite Vengal Rao Park, Road 1, Banjara Hills, Hyderabad",
      "r_mobile": 9933937154,
      "r_city": "Hyderabad",
      "r_email": "hyd6@gmail.com",
      "r_password": "password",
      "r_rating": 4.7,
      "img_url": "https://b.zmtcdn.com/data/pictures/4/97824/9c7b55b4e3e52e04ce1c22a42eb097c2_featured_v2.jpg"
    }
  },
  {
    "model": "polls.Restaurant",
    "pk":56,
    "fields": {
      "r_name": "Mocha Bar",
      "r_address": "161, Road 13, Jubilee Hills, Hyderabad",
      "r_mobile": 9933937155,
      "r_city": "Hyderabad",
      "r_email": "hyd5@gmail.com",
      "r_password": "password",
      "r_rating": 4.5,
      "img_url": "https://b.zmtcdn.com/data/pictures/0/18418730/92811323a3ed2ee85c9d878eb762bcf7_featured_v2.jpg"
    }
  },
  {
    "model": "polls.Restaurant",
    "pk":57,
    "fields": {
      "r_name": "The Grand Trunk Road",
      "r_address": "16, Image Garden Road, Madhapur, Hyderabad",
      "r_mobile": 9933937156,
      "r_city": "Hyderabad",
      "r_email": "hyd4@gmail.com",
      "r_password": "password",
      "r_rating": 3.9,
      "img_url": "https://b.zmtcdn.com/data/pictures/3/18313013/4ebd239ddd09dc189ae99de66aa4263c_featured_v2.jpg"
    }
  },
  {
    "model": "polls.Restaurant",
    "pk":58,
    "fields": {
      "r_name": "United Kitchens of India",
      "r_address": "Road 45, Jubilee Hills, Hyderabad",
      "r_mobile": 9933937157,
      "r_city": "Hyderabad",
      "r_email": "hyd3@gmail.com",
      "r_password": "password",
      "r_rating": 4.0,
      "img_url": "https://b.zmtcdn.com/data/pictures/3/97503/b6000a9158ce63467a510600c4272cdb_featured_v2.jpg"
    }
  },
  {
    "model": "polls.Restaurant",
    "pk":59,
    "fields": {
      "r_name": "Sahib\u2019s Barbeque by Ohri\u2019s",
      "r_address": "First Floor, Shilparamam Complex, Opposite Cyber Tower, Hitech City, Hyderabad",
      "r_mobile": 9933937158,
      "r_city": "Hyderabad",
      "r_email": "hyd2@gmail.com",
      "r_password": "password",
      "r_rating": 4.0,
      "img_url": "https://b.zmtcdn.com/data/pictures/4/18312984/540d19227704b82195ca5a9b4d264b77_featured_v2.png"
    }
  },
  {
    "model": "polls.Restaurant",
    "pk":60,
    "fields": {
      "r_name": "Dhaba By Claridges",
      "r_address": "13, Ground Floor, Western Pearl Building, Kondapur, Hyderabad",
      "r_mobile": 9933937159,
      "r_city": "Hyderabad",
      "r_email": "hyd1@gmail.com",
      "r_password": "password",
      "r_rating": 4.3,
      "img_url": "https://b.zmtcdn.com/data/pictures/6/18385326/a5e82dfac1740119a70d53b1ca934978_featured_v2.jpg"
    }
  },
  {
    "model": "polls.Restaurant",
    "pk":61,
    "fields": {
      "r_name": "Coal Barbecues",
      "r_address": "17-18, Rajalakshmi Nagar, 7th Cross Street, 100 Feet Bypass Road, Velachery, Chennai",
      "r_mobile": 9933937160,
      "r_city": "Chennai",
      "r_email": "mad0@gmail.com",
      "r_password": "password",
      "r_rating": 4.5,
      "img_url": "https://b.zmtcdn.com/data/pictures/4/72604/b1607b01c09bc0e1586521ee25707cdd_featured_v2.jpg"
    }
  },
  {
    "model": "polls.Restaurant",
    "pk":62,
    "fields": {
      "r_name": "AB's - Absolute Barbecues",
      "r_address": "45, GN Chetty Road, T. Nagar, Chennai",
      "r_mobile": 9933937161,
      "r_city": "Chennai",
      "r_email": "mad9@gmail.com",
      "r_password": "password",
      "r_rating": 4.9,
      "img_url": "https://b.zmtcdn.com/data/pictures/chains/6/70856/5b08a92080badbfd3bb93793e6c71843_featured_v2.jpg"
    }
  },
  {
    "model": "polls.Restaurant",
    "pk":63,
    "fields": {
      "r_name": "Chili's",
      "r_address": "49 & 50 L, Express Avenue Mall, White's Road, Royapettah, Chennai",
      "r_mobile": 9933937162,
      "r_city": "Chennai",
      "r_email": "mad8@gmail.com",
      "r_password": "password",
      "r_rating": 4.8,
      "img_url": "https://b.zmtcdn.com/data/pictures/chains/8/73088/4e5a2990208c99a87a83fb773298823b_featured_v2.jpg"
    }
  },
  {
    "model": "polls.Restaurant",
    "pk":64,
    "fields": {
      "r_name": "AB's - Absolute Barbecues",
      "r_address": "Velachery Tharamani Link Road, Opposite TCS, Velachery, Chennai",
      "r_mobile": 9933937163,
      "r_city": "Chennai",
      "r_email": "mad7@gmail.com",
      "r_password": "password",
      "r_rating": 4.9,
      "img_url": "https://b.zmtcdn.com/data/pictures/chains/6/70856/5b08a92080badbfd3bb93793e6c71843_featured_v2.jpg"
    }
  },
  {
    "model": "polls.Restaurant",
    "pk":65,
    "fields": {
      "r_name": "Haunted",
      "r_address": "273, F13, New Number 71, 2nd Main Road, Anna Nagar East, Chennai",
      "r_mobile": 9933937164,
      "r_city": "Chennai",
      "r_email": "mad6@gmail.com",
      "r_password": "password",
      "r_rating": 3.6,
      "img_url": "https://b.zmtcdn.com/data/pictures/5/72475/38edce13c131204182692cf332c4bb4f_featured_v2.jpg"
    }
  },
  {
    "model": "polls.Restaurant",
    "pk":66,
    "fields": {
      "r_name": "Copper Kitchen",
      "r_address": "6/133, Arcot Road, Near Porur Signal, Porur, Chennai",
      "r_mobile": 9933937165,
      "r_city": "Chennai",
      "r_email": "mad5@gmail.com",
      "r_password": "password",
      "r_rating": 4.0,
      "img_url": "https://b.zmtcdn.com/data/pictures/7/67407/e7182d529173af9ace4d3079ecd11952_featured_v2.jpg"
    }
  },
  {
    "model": "polls.Restaurant",
    "pk":67,
    "fields": {
      "r_name": "Paradise",
      "r_address": "392, Anjali Devi Towers Kandanchavadi, OMR, Perungudi, Chennai",
      "r_mobile": 9933937166,
      "r_city": "Chennai",
      "r_email": "mad4@gmail.com",
      "r_password": "password",
      "r_rating": 3.9,
      "img_url": "https://b.zmtcdn.com/data/pictures/9/73279/90abc9281c45dc98561c6d980d8153d9_featured_v2.jpg"
    }
  },
  {
    "model": "polls.Restaurant",
    "pk":68,
    "fields": {
      "r_name": "Palmshore",
      "r_address": "95, Jawaharlal Nehru Salai, Jafferkhanpet, Ashok Nagar, Chennai",
      "r_mobile": 9933937167,
      "r_city": "Chennai",
      "r_email": "mad3@gmail.com",
      "r_password": "password",
      "r_rating": 4.1,
      "img_url": "https://b.zmtcdn.com/data/pictures/chains/3/65413/3c2f7800a00fc2f1059c7f3f551ee671_featured_v2.jpg"
    }
  },
  {
    "model": "polls.Restaurant",
    "pk":69,
    "fields": {
      "r_name": "Bombay Brasserie",
      "r_address": "3, College Lane, Nungambakkam, Chennai",
      "r_mobile": 9933937168,
      "r_city": "Chennai",
      "r_email": "mad2@gmail.com",
      "r_password": "password",
      "r_rating": 4.6,
      "img_url": "https://b.zmtcdn.com/data/pictures/3/70393/62e0d0715784bf88770220b6b9e9723b_featured_v2.jpg"
    }
  },
  {
    "model": "polls.Restaurant",
    "pk":70,
    "fields": {
      "r_name": "Palmshore",
      "r_address": "111/108, Santhome High Road, Foreshore Estate, Santhome, Chennai",
      "r_mobile": 9933937169,
      "r_city": "Chennai",
      "r_email": "mad1@gmail.com",
      "r_password": "password",
      "r_rating": 4.1,
      "img_url": "https://b.zmtcdn.com/data/pictures/chains/3/65413/3c2f7800a00fc2f1059c7f3f551ee671_featured_v2.jpg"
    }
  },
  {
    "model": "polls.Restaurant",
    "pk":71,
    "fields": {
      "r_name": "Vintage Machine",
      "r_address": "3/11 Patrakar Puram, Gomti Nagar, Lucknow",
      "r_mobile": 9933937170,
      "r_city": "Lucknow",
      "r_email": "luck11@gmail.com",
      "r_password": "password",
      "r_rating": 4.4,
      "img_url": "https://b.zmtcdn.com/data/pictures/9/801269/86ca93f9174f778e58d2f61858c4f4a7_featured_v2.jpg"
    }
  },
  {
    "model": "polls.Restaurant",
    "pk":72,
    "fields": {
      "r_name": "Barbeque Nation",
      "r_address": "3rd Floor, Riverside Mall, Vipin Khand, Gomti Nagar, Lucknow",
      "r_mobile": 9933937171,
      "r_city": "Lucknow",
      "r_email": "luck8@gmail.com",
      "r_password": "password",
      "r_rating": 4.6,
      "img_url": "https://b.zmtcdn.com/data/pictures/9/800089/0811509c1a8ee814e99e1d9184aab720_featured_v2.jpg"
    }
  },
  {
    "model": "polls.Restaurant",
    "pk":73,
    "fields": {
      "r_name": "Royal Sky",
      "r_address": "31/37, 1st Floor, Opposite Halwasiya Market, Maqbara Road, Lalbagh, Lucknow",
      "r_mobile": 9933937172,
      "r_city": "Lucknow",
      "r_email": "luck7@gmail.com",
      "r_password": "password",
      "r_rating": 4.2,
      "img_url": "https://b.zmtcdn.com/data/pictures/6/800326/58780939ee98196021a081d74b7266ec_featured_v2.jpg"
    }
  },
  {
    "model": "polls.Restaurant",
    "pk":74,
    "fields": {
      "r_name": "L 14 - Renaissance Lucknow Hotel",
      "r_address": "14th Floor, Renaissance Lucknow Hotel, Vipin Khand, Gomti Nagar, Lucknow",
      "r_mobile": 9933937173,
      "r_city": "Lucknow",
      "r_email": "luck6@gmail.com",
      "r_password": "password",
      "r_rating": 4.1,
      "img_url": "https://b.zmtcdn.com/data/pictures/4/801384/6fe6de4d4310323647a2beeb93e4e239_featured_v2.jpg"
    }
  },
  {
    "model": "polls.Restaurant",
    "pk":75,
    "fields": {
      "r_name": "Grandson of Tunday Kababi",
      "r_address": "Naaz Cinema Road, Aminabad, Lucknow",
      "r_mobile": 9933937174,
      "r_city": "Lucknow",
      "r_email": "luck5@gmail.com",
      "r_password": "password",
      "r_rating": 4.7,
      "img_url": "https://b.zmtcdn.com/data/pictures/8/800468/5b936dcf4884d8dcb93fa4a1516652c0_featured_v2.jpg"
    }
  },
  {
    "model": "polls.Restaurant",
    "pk":76,
    "fields": {
      "r_name": "Underdoggs Sports Bar & Grill",
      "r_address": "4th Floor, City Mall, Vipul Khand 4, Gomti Nagar, Lucknow",
      "r_mobile": 9933937175,
      "r_city": "Lucknow",
      "r_email": "luck43@gmail.com",
      "r_password": "password",
      "r_rating": 4.2,
      "img_url": "https://b.zmtcdn.com/data/pictures/0/801640/a57b5379c70a5b7dec89df436c6f152d_featured_v2.jpg"
    }
  },
  {
    "model": "polls.Restaurant",
    "pk":77,
    "fields": {
      "r_name": "Dastarkhwan",
      "r_address": "U. P. Press Club, China Bazaar Gate Road, Hazratganj, Lucknow",
      "r_mobile": 9933937176,
      "r_city": "Lucknow",
      "r_email": "luck4@gmail.com",
      "r_password": "password",
      "r_rating": 4.4,
      "img_url": "https://b.zmtcdn.com/data/pictures/3/800483/b9e13e92b6da3ab6319805cd55960dd6_featured_v2.jpg"
    }
  },
  {
    "model": "polls.Restaurant",
    "pk":78,
    "fields": {
      "r_name": "Spice Caves",
      "r_address": "Above Samsung TV Showroom, Patrakar Puram, Gomti Nagar, Lucknow",
      "r_mobile": 9933937177,
      "r_city": "Lucknow",
      "r_email": "luck3@gmail.com",
      "r_password": "password",
      "r_rating": 4.1,
      "img_url": "https://b.zmtcdn.com/data/pictures/0/801170/8eb07cb90603c089b132070868f3b203_featured_v2.jpg"
    }
  },
  {
    "model": "polls.Restaurant",
    "pk":79,
    "fields": {
      "r_name": "Chemistry Cafe",
      "r_address": "5/599, Vikas Khand, Near Dayal Paradise, Gomti Nagar, Lucknow",
      "r_mobile": 9933937178,
      "r_city": "Lucknow",
      "r_email": "luck2@gmail.com",
      "r_password": "password",
      "r_rating": 3.6,
      "img_url": "https://b.zmtcdn.com/data/pictures/4/801684/0a09a32f5881fc10ffa4f57c55e4cc0c_featured_v2.jpg"
    }
  },
  {
    "model": "polls.Restaurant",
    "pk":80,
    "fields": {
      "r_name": "Cappuccino Blast",
      "r_address": "12, Mall Avenue, Near, Sadar Bazaar, Lucknow",
      "r_mobile": 9933937179,
      "r_city": "Lucknow",
      "r_email": "luck1@gmail.com",
      "r_password": "password",
      "r_rating": 4.0,
      "img_url": "https://b.zmtcdn.com/data/pictures/6/800576/1533db084be9014cd9f67976bd4d1728_featured_v2.jpg"
    }
  },
  {
    "model": "polls.Restaurant",
    "pk":81,
    "fields": {
      "r_name": "Tonico Cafe",
      "r_address": "Opposite CSEZ, Seaport Airport Road, Kakkanad, Kochi",
      "r_mobile": 9933937180,
      "r_city": "Kochi",
      "r_email": "kochi0@gmail.com",
      "r_password": "password",
      "r_rating": 4.0,
      "img_url": "https://b.zmtcdn.com/data/pictures/1/900561/d190f1efb3110169b6f7dd6b13aa2bbe_featured_v2.jpg"
    }
  },
  {
    "model": "polls.Restaurant",
    "pk":82,
    "fields": {
      "r_name": "Paragon",
      "r_address": "F 82-83, Level 1, LuLu Mall, NH-17, Entrance Road, Edapally Junction, Edappally, Kochi",
      "r_mobile": 9933937181,
      "r_city": "Kochi",
      "r_email": "kochi9@gmail.com",
      "r_password": "password",
      "r_rating": 4.3,
      "img_url": "https://b.zmtcdn.com/data/pictures/3/900533/e48030e18b1931d71df19ee8786ec186_featured_v2.jpg"
    }
  },
  {
    "model": "polls.Restaurant",
    "pk":83,
    "fields": {
      "r_name": "The Asian Kitchen by Tokyo Bay",
      "r_address": "Cochin Club, Opposite Parade Ground, St. Francis Church Road, Fort Kochi, Kochi",
      "r_mobile": 9933937182,
      "r_city": "Kochi",
      "r_email": "kochi8@gmail.com",
      "r_password": "password",
      "r_rating": 4.2,
      "img_url": "https://b.zmtcdn.com/data/pictures/2/95282/aeb998f5e1eb7173f7d8860b388cc563_featured_v2.jpg"
    }
  },
  {
    "model": "polls.Restaurant",
    "pk":84,
    "fields": {
      "r_name": "Cafe 17",
      "r_address": "Ground Floor, Unisquare Building, Opposite Sreedhareeyam Eye Hospital, Kathrikadavu, Kaloor, Kochi",
      "r_mobile": 9933937183,
      "r_city": "Kochi",
      "r_email": "kochi7@gmail.com",
      "r_password": "password",
      "r_rating": 4.4,
      "img_url": "https://b.zmtcdn.com/data/pictures/4/900524/e3904132a8fdf47aa1a5ff0b5d1cc78b_featured_v2.jpg"
    }
  },
  {
    "model": "polls.Restaurant",
    "pk":85,
    "fields": {
      "r_name": "Barbeque Nation",
      "r_address": "6th Floor, Imperial Trade Centre, Mahatma Gandhi Road, Kacheripady, Kochi",
      "r_mobile": 9933937184,
      "r_city": "Kochi",
      "r_email": "kochi6@gmail.com",
      "r_password": "password",
      "r_rating": 4.9,
      "img_url": "https://b.zmtcdn.com/data/pictures/9/900969/b9890ed44b2b473a40ce5d9b91c49cfd_featured_v2.jpg"
    }
  },
  {
    "model": "polls.Restaurant",
    "pk":86,
    "fields": {
      "r_name": "Bloomsbury's Boutique Cafe and Artisan Bakery",
      "r_address": "S 74, Level 2, LuLu Mall, NH-17, Entrance Road, Edapally Junction, Edappally, Kochi",
      "r_mobile": 9933937185,
      "r_city": "Kochi",
      "r_email": "kochi5@gmail.com",
      "r_password": "password",
      "r_rating": 4.1,
      "img_url": "https://b.zmtcdn.com/data/pictures/4/95304/e612d6d253fd57b6ecf13d48eb99084e_featured_v2.jpg"
    }
  },
  {
    "model": "polls.Restaurant",
    "pk":87,
    "fields": {
      "r_name": "Dhe Puttu",
      "r_address": "NH 47, Edapally Bypass, Edappally, Kochi",
      "r_mobile": 9933937186,
      "r_city": "Kochi",
      "r_email": "kochi4@gmail.com",
      "r_password": "password",
      "r_rating": 4.4,
      "img_url": "https://b.zmtcdn.com/data/pictures/1/95421/aa5a19413681541b81aa3e4727d08056_featured_v2.jpg"
    }
  },
  {
    "model": "polls.Restaurant",
    "pk":88,
    "fields": {
      "r_name": "Kashi Art Cafe",
      "r_address": "Burgher Street, Fort Kochi, Kochi",
      "r_mobile": 9933937187,
      "r_city": "Kochi",
      "r_email": "kochi3@gmail.com",
      "r_password": "password",
      "r_rating": 4.2,
      "img_url": "https://b.zmtcdn.com/data/pictures/6/95256/e0c73316f3dd0fc2fd629ca7ebcbb16c_featured_v2.jpg"
    }
  },
  {
    "model": "polls.Restaurant",
    "pk":89,
    "fields": {
      "r_name": "ChaiCofi",
      "r_address": "Arammal Tower, Near Express Garden, KK Road, Kaloor, Kochi",
      "r_mobile": 9933937188,
      "r_city": "Kochi",
      "r_email": "kochi2@gmail.com",
      "r_password": "password",
      "r_rating": 4.0,
      "img_url": "https://b.zmtcdn.com/data/pictures/0/900800/949da03bbe5084d59ab8581d579ef9ec_featured_v2.jpg"
    }
  },
  {
    "model": "polls.Restaurant",
    "pk":90,
    "fields": {
      "r_name": "Cocoa Tree",
      "r_address": "1st Floor, Above ICICI Bank, Next to Avenue Centre, Panampilly Nagar, Kochi",
      "r_mobile": 9933937189,
      "r_city": "Kochi",
      "r_email": "kochi1@gmail.com",
      "r_password": "password",
      "r_rating": 4.3,
      "img_url": "https://b.zmtcdn.com/data/pictures/6/100306/417929cb0d52bb18af164f1ac118785b_featured_v2.jpg"
    }
  },
  {
    "model": "polls.Restaurant",
    "pk":91,
    "fields": {
      "r_name": "Replay",
      "r_address": "SB 57, 5th Floor, Ridhi Tower, Opposite SMS Stadium, Tonk Road, Jaipur",
      "r_mobile": 9933937190,
      "r_city": "Jaipur",
      "r_email": "jai1@gmail.com",
      "r_password": "password",
      "r_rating": 4.3,
      "img_url": "https://b.zmtcdn.com/data/pictures/6/100306/417929cb0d52bb18af164f1ac118785b_featured_v2.jpg"
    }
  },
  {
    "model": "polls.Restaurant",
    "pk":92,
    "fields": {
      "r_name": "Tapri Central",
      "r_address": "B4 E, 3rd Floor, Surana Jewellers, Opposite Central Park, C Scheme, Jaipur",
      "r_mobile": 9933937191,
      "r_city": "Jaipur",
      "r_email": "jai0@gmail.com",
      "r_password": "password",
      "r_rating": 4.7,
      "img_url": "https://b.zmtcdn.com/data/pictures/2/101212/d0eb4e8c9369acce53408dec3d6cf12e_featured_v2.jpg"
    }
  },
  {
    "model": "polls.Restaurant",
    "pk":93,
    "fields": {
      "r_name": "RJ 14",
      "r_address": "132,133,151, Ajmera Garden, Main DCM Road, Opposite IndusInd Bank, Ajmer Road, Ajmer Highway, Jaipur",
      "r_mobile": 9933937192,
      "r_city": "Jaipur",
      "r_email": "jai9@gmail.com",
      "r_password": "password",
      "r_rating": 3.6,
      "img_url": "https://b.zmtcdn.com/data/pictures/2/103172/1f3c55fc25b144034a3d47127c6787fc_featured_v2.jpg"
    }
  },
  {
    "model": "polls.Restaurant",
    "pk":94,
    "fields": {
      "r_name": "Zolocrust - Hotel Clarks Amer",
      "r_address": "Hotel Clarks Amer, Jawaharlal Nehru Marg, Near Malviya Nagar, Malviya Nagar, Jaipur",
      "r_mobile": 9933937193,
      "r_city": "Jaipur",
      "r_email": "jai7@gmail.com",
      "r_password": "password",
      "r_rating": 4.8,
      "img_url": "https://b.zmtcdn.com/data/pictures/8/18209498/6e86f3041b8ef04d77c5627c798bbe32_featured_v2.jpg"
    }
  },
  {
    "model": "polls.Restaurant",
    "pk":95,
    "fields": {
      "r_name": "Cafe LazyMojo",
      "r_address": "H 1, Lal Bahadur Nagar, S.L Marg, Malviya Nagar, Jaipur",
      "r_mobile": 9933937194,
      "r_city": "Jaipur",
      "r_email": "jai8@gmail.com",
      "r_password": "password",
      "r_rating": 4.2,
      "img_url": "https://b.zmtcdn.com/data/pictures/1/102531/14c1fc6f345575d8061c454be04fb46a_featured_v2.jpg"
    }
  },
  {
    "model": "polls.Restaurant",
    "pk":96,
    "fields": {
      "r_name": "Taruveda Bistro",
      "r_address": "1st Floor, Sunraj Villa, 2 Mysore House, Jacob Road, Civil Lines, Jaipur",
      "r_mobile": 9933937195,
      "r_city": "Jaipur",
      "r_email": "jai6@gmail.com",
      "r_password": "password",
      "r_rating": 4.2,
      "img_url": "https://b.zmtcdn.com/data/pictures/1/101311/d14c0f1d3ec1bd388249534979034d8a_featured_v2.jpg"
    }
  },
  {
    "model": "polls.Restaurant",
    "pk":97,
    "fields": {
      "r_name": "The Forresta Kitchen & Bar",
      "r_address": "Devraj Niwas, Near Moti Mahal Cinema, Khasa Kothi Crossing, Gopalbari, Jaipur",
      "r_mobile": 9933937196,
      "r_city": "Jaipur",
      "r_email": "jai5@gmail.com",
      "r_password": "password",
      "r_rating": 4.0,
      "img_url": "https://b.zmtcdn.com/data/pictures/5/100305/6e4486268ef7bfb0c2976264e2fb16b0_featured_v2.jpg"
    }
  },
  {
    "model": "polls.Restaurant",
    "pk":98,
    "fields": {
      "r_name": "WTF",
      "r_address": "301, Man Upasna Mall, Chomu House, C Scheme, Jaipur",
      "r_mobile": 9933937197,
      "r_city": "Jaipur",
      "r_email": "jai4@gmail.com",
      "r_password": "password",
      "r_rating": 3.9,
      "img_url": "https://b.zmtcdn.com/data/pictures/5/103065/60f892c206ff1573b719dfa013ec4c5c_featured_v2.jpeg"
    }
  },
  {
    "model": "polls.Restaurant",
    "pk":99,
    "fields": {
      "r_name": "Nibs Cafe",
      "r_address": "B-16 Durgadas Colony, Next to MGF Mall, Bhawani Singh Road, C Scheme, Jaipur",
      "r_mobile": 9933937198,
      "r_city": "Jaipur",
      "r_email": "jai3@gmail.com",
      "r_password": "password",
      "r_rating": 4.4,
      "img_url": "https://b.zmtcdn.com/data/pictures/3/102813/7dad5b6111806170e85c5bc61393db5f_featured_v2.jpg"
    }
  },
  {
    "model": "polls.Restaurant",
    "pk":100,
    "fields": {
      "r_name": "Peacock Roof Top Restaurant",
      "r_address": "Hotel Pearl Palace, 51, Hari Kishan Somani Marg, Near Vidayakpuri Police Station, Gopalbari, Jaipur",
      "r_mobile": 9933937199,
      "r_city": "Jaipur",
      "r_email": "jai2@gmail.com",
      "r_password": "password",
      "r_rating": 4.0,
      "img_url": "https://b.zmtcdn.com/data/pictures/4/101234/ddeb79232cc52176f0e924d531ee813d_featured_v2.jpg"
    }
  },
  {
    "model": "polls.Menu",
    "pk": 1,
    "fields":{

    }
  },
  {
    "model": "polls.Menu",
    "pk": 2,
    "fields":{
      
    }
  },
  {
    "model": "polls.Menu",
    "pk": 3,
    "fields":{
      
    }
  },
  {
    "model": "polls.Menu",
    "pk": 4,
    "fields":{
      
    }
  },
  {
    "model": "polls.Cuisine",
    "pk": 1,
    "fields": {
      "cuisine_name": "American"  
    }
  },
  {
    "model": "polls.Cuisine",
    "pk": 2,
    "fields": {
      "cuisine_name": "Arabian" 
    }
  },
  {
    "model": "polls.Cuisine",
    "pk": 3,
    "fields": {
      "cuisine_name": "Biryani" 
    }
  },
  {
    "model": "polls.Cuisine",
    "pk": 4,
    "fields": {
      "cuisine_name": "Bakery"  
    }
  },
  {
    "model": "polls.Cuisine",
    "pk": 5,
    "fields": {
      "cuisine_name": "Bar Food"  
    }
  },
  {
    "model": "polls.Cuisine",
    "pk": 6,
    "fields": {
      "cuisine_name": "Cafe"  
    }
  },
  {
    "model": "polls.Cuisine",
    "pk": 7,
    "fields": {
      "cuisine_name": "Continental" 
    }
  },
  {
    "model": "polls.Cuisine",
    "pk": 8,
    "fields": {
      "cuisine_name": "Desserts"  
    }
  },
  {
    "model": "polls.Cuisine",
    "pk": 9,
    "fields": {
      "cuisine_name": "Fast Foods"  
    }
  },
  {
    "model": "polls.Cuisine",
    "pk": 10,
    "fields": {
      "cuisine_name": "Hyderabadi"  
    }
  },
  {
    "model": "polls.Cuisine",
    "pk": 11,
    "fields": {
      "cuisine_name": "North-Indian"  
    }
  },
  {
    "model": "polls.Restaurant_Menu",
    "pk": 1,
    "fields": {
      "menu_id": 2,
      "restaurant": 1 
    }
  },
  {
    "model": "polls.Restaurant_Menu",
    "pk": 2,
    "fields": {
      "menu_id": 4,
      "restaurant": 2 
    }
  },
  {
    "model": "polls.Restaurant_Menu",
    "pk": 3,
    "fields": {
      "menu_id": 3,
      "restaurant": 3 
    }
  },
  {
    "model": "polls.Restaurant_Menu",
    "pk": 4,
    "fields": {
      "menu_id": 4,
      "restaurant": 4 
    }
  },
  {
    "model": "polls.Restaurant_Menu",
    "pk": 5,
    "fields": {
      "menu_id": 3,
      "restaurant": 5 
    }
  },
  {
    "model": "polls.Restaurant_Menu",
    "pk": 6,
    "fields": {
      "menu_id": 1,
      "restaurant": 6 
    }
  },
  {
    "model": "polls.Restaurant_Menu",
    "pk": 7,
    "fields": {
      "menu_id": 1,
      "restaurant": 7 
    }
  },
  {
    "model": "polls.Restaurant_Menu",
    "pk": 8,
    "fields": {
      "menu_id": 3,
      "restaurant": 8 
    }
  },
  {
    "model": "polls.Restaurant_Menu",
    "pk": 9,
    "fields": {
      "menu_id": 2,
      "restaurant": 9 
    }
  },
  {
    "model": "polls.Restaurant_Menu",
    "pk": 10,
    "fields": {
      "menu_id": 4,
      "restaurant": 10  
    }
  },
  {
    "model": "polls.Item",
    "pk": 1,
    "fields": {
      "i_name": "Turkey",
      "i_cost": 450,
      "i_cuisine_id": 1,
      "img_url": "http://russellfoodgroup.co.uk/wp-content/uploads/2015/07/Roasted-Turkey-04-Russell-Food-Gruhe.png"  
    }
  },
  {
    "model": "polls.Item",
    "pk": 2,
    "fields": {
      "i_name": "Chicken Fried Steak",
      "i_cost": 560,
      "i_cuisine_id": 1,
      "img_url": "http://food.fnr.sndimg.com/content/dam/images/food/fullset/2006/6/26/0/ea1004_country_fried_steak2.jpg.rend.hgtvcom.616.462.jpeg" 
    }
  },
  {
    "model": "polls.Item",
    "pk": 3,
    "fields": {
      "i_name": "Filet of Sole",
      "i_cost": 560,
      "i_cuisine_id": 1,
      "img_url": "https://i.ytimg.com/vi/h6U2XWewlC4/maxresdefault.jpg" 
    }
  },
  {
    "model": "polls.Item",
    "pk": 4,
    "fields": {
      "i_name": "Fried Prawns",
      "i_cost": 590,
      "i_cuisine_id": 1,
      "img_url": "http://www.wizardrecipes.com/wp-content/uploads/2012/06/FRIED-PRAWNS.jpg" 
    }
  },
  {
    "model": "polls.Item",
    "pk": 5,
    "fields": {
      "i_name": "Chicken Tagine",
      "i_cost": 390,
      "i_cuisine_id": 2,
      "img_url": "http://3.bp.blogspot.com/-KzCoxuFspOM/Ujen_o7utcI/AAAAAAAAcGM/buwEycNtSbY/s1600/Screen+Shot+2013-09-16+at+7.52.45+PM.png" 
    }
  },
  {
    "model": "polls.Item",
    "pk": 6,
    "fields": {
      "i_name": "Fried Chicken Couscous",
      "i_cost": 410,
      "i_cuisine_id": 2,
      "img_url": "https://www.bbcgoodfood.com/sites/default/files/styles/recipe/public/recipe_images/recipe-image-legacy-id--513730_11.jpg?itok=Furrp2s5" 
    }
  },
  {
    "model": "polls.Item",
    "pk": 7,
    "fields": {
      "i_name": "Chicken Dum Biryani",
      "i_cost": 300,
      "i_cuisine_id": 3,
      "img_url": "http://theorybrew.com/wp/wp-content/uploads/2016/01/hyderabadi-chicken-dum-biryani.jpg" 
    }
  },
  {
    "model": "polls.Item",
    "pk": 8,
    "fields": {
      "i_name": "Hyderabadi Dum Biryani",
      "i_cost": 310,
      "i_cuisine_id": 3,
      "img_url": "https://i.ytimg.com/vi/iJUdcbCoIcA/maxresdefault.jpg" 
    }
  },
  {
    "model": "polls.Item",
    "pk": 9,
    "fields": {
      "i_name": "Mutton Biryani",
      "i_cost": 450,
      "i_cuisine_id":3 ,
      "img_url": "https://i.ytimg.com/vi/AR7wW9jNLcw/maxresdefault.jpg" 
    }
  },
  {
    "model": "polls.Item",
    "pk": 10,
    "fields": {
      "i_name": "Vegetable Biryani",
      "i_cost": 250,
      "i_cuisine_id": 3,
      "img_url": "http://mallikascookery.com/wp-content/uploads/2016/03/Veg-Biryani-1024x577.jpg" 
    }
  },
  {
    "model": "polls.Item",
    "pk": 11,
    "fields": {
      "i_name": "Chocolate Pastry",
      "i_cost": 100,
      "i_cuisine_id": 4,
      "img_url": "https://i.ytimg.com/vi/LH9cFkRSlSg/maxresdefault.jpg" 
    }
  },
  {
    "model": "polls.Item",
    "pk": 12,
    "fields": {
      "i_name": "Egg Roll",
      "i_cost": 50,
      "i_cuisine_id": 4,
      "img_url": "http://4.bp.blogspot.com/-59uk4CFHLyk/TfEUJbWOKGI/AAAAAAAABos/QUO9fOjXPzA/s1600/egg+puffs1.JPG" 
    }
  },
  {
    "model": "polls.Item",
    "pk": 13,
    "fields": {
      "i_name": "Kingfisher Vodka 700ml",
      "i_cost": 710,
      "i_cuisine_id": 5,
      "img_url": "https://i2.wp.com/files.hungryforever.com/wp-content/uploads/2016/01/09115120/Vodka.jpg?w=800&quality=80&strip=all" 
    }
  },
  {
    "model": "polls.Item",
    "pk": 14,
    "fields": {
      "i_name": "Royal Stag Whisky 700ml",
      "i_cost": 510,
      "i_cuisine_id": 5,
      "img_url": "http://wine-pricelist.com/wp-content/uploads/2013/04/royal-stag1.jpg" 
    }
  },
  {
    "model": "polls.Item",
    "pk": 15,
    "fields": {
      "i_name": "Egg Manchurian",
      "i_cost": 230,
      "i_cuisine_id": 5,
      "img_url": "https://i.ytimg.com/vi/ZdUMd0dXRGM/maxresdefault.jpg" 
    }
  },
  {
    "model": "polls.Item",
    "pk": 16,
    "fields": {
      "i_name": "Cappuccino",
      "i_cost": 50,
      "i_cuisine_id": 6,
      "img_url": "http://www.super-espresso.com/wp-content/uploads/2016/09/Cappuccino.jpg"  
    }
  },
  {
    "model": "polls.Item",
    "pk": 17,
    "fields": {
      "i_name": "Grilled Chicken Salad",
      "i_cost": 120,
      "i_cuisine_id": 7,
      "img_url": "http://www.wish-bone.com/wp-content/uploads/2013/11/GrilledChickenSaladVinaigrette.jpg" 
    }
  },
  {
    "model": "polls.Item",
    "pk": 18,
    "fields": {
      "i_name": "Rasgulla",
      "i_cost": 100,
      "i_cuisine_id": 8,
      "img_url": "https://i.ytimg.com/vi/tBa90g_KA9w/maxresdefault.jpg" 
    }
  },
  {
    "model": "polls.Item",
    "pk": 19,
    "fields": {
      "i_name": "Samosa",
      "i_cost": 50,
      "i_cuisine_id": 9,
      "img_url": "https://i.ytimg.com/vi/iIVJN0Yz1Y0/maxresdefault.jpg" 
    }
  },
  {
    "model": "polls.Item",
    "pk": 20,
    "fields": {
      "i_name": "Hyderabadi Chicken Biryani",
      "i_cost": 390,
      "i_cuisine_id": 10,
      "img_url": "http://evergreenrecipes.com/wp-content/uploads/2015/08/P1010014-5.jpg"  
    }
  },
  {
    "model": "polls.Item",
    "pk": 21,
    "fields": {
      "i_name": "Hyderabadi Mutton Biryani",
      "i_cost": 400,
      "i_cuisine_id": 10,
      "img_url": "https://i.ytimg.com/vi/eAzNaPDwD0c/maxresdefault.jpg" 
    }
  },
  {
    "model": "polls.Item",
    "pk": 22,
    "fields": {
      "i_name": "North Indian Meals",
      "i_cost": 150,
      "i_cuisine_id": 11,
      "img_url": "http://farm4.staticflickr.com/3794/10867652645_e7886094cc_o.jpg"  
    }
  },
  {
    "model": "polls.Menu_Item",
    "pk": 1,
    "fields": {
      "menu_id": 1,
      "item_id": 1  
    }
  },
  {
    "model": "polls.Menu_Item",
    "pk": 2,
    "fields": {
      "menu_id": 1,
      "item_id": 3  
    }
  },
  {
    "model": "polls.Menu_Item",
    "pk": 3,
    "fields": {
      "menu_id": 1,
      "item_id": 6  
    }
  },
  {
    "model": "polls.Menu_Item",
    "pk": 4,
    "fields": {
      "menu_id": 1,
      "item_id": 10 
    }
  },
  {
    "model": "polls.Menu_Item",
    "pk": 5,
    "fields": {
      "menu_id": 1,
      "item_id": 15 
    }
  },
  {
    "model": "polls.Menu_Item",
    "pk": 6,
    "fields": {
      "menu_id": 1,
      "item_id": 19 
    }
  },
  {
    "model": "polls.Menu_Item",
    "pk": 7,
    "fields": {
      "menu_id": 1,
      "item_id": 22 
    }
  },
  {
    "model": "polls.Menu_Item",
    "pk": 8,
    "fields": {
      "menu_id": 2,
      "item_id": 2  
    }
  },
  {
    "model": "polls.Menu_Item",
    "pk": 9,
    "fields": {
      "menu_id": 2,
      "item_id": 4  
    }
  },
  {
    "model": "polls.Menu_Item",
    "pk": 10,
    "fields": {
      "menu_id": 2,
      "item_id": 5  
    }
  },
  {
    "model": "polls.Menu_Item",
    "pk": 11,
    "fields": {
      "menu_id": 2,
      "item_id": 8  
    }
  },
  {
    "model": "polls.Menu_Item",
    "pk": 12,
    "fields": {
      "menu_id": 2,
      "item_id": 12 
    }
  },
  {
    "model": "polls.Menu_Item",
    "pk": 13,
    "fields": {
      "menu_id": 2,
      "item_id": 14 
    }
  },
  {
    "model": "polls.Menu_Item",
    "pk": 14,
    "fields": {
      "menu_id": 2,
      "item_id": 16 
    }
  },
  {
    "model": "polls.Menu_Item",
    "pk": 15,
    "fields": {
      "menu_id": 2,
      "item_id": 17   
    }
  },
  {
    "model": "polls.Menu_Item",
    "pk": 16,
    "fields": {
      "menu_id": 2,
      "item_id": 20 
    }
  },
  {
    "model": "polls.Menu_Item",
    "pk": 17,
    "fields": {
      "menu_id": 3,
      "item_id": 1  
    }
  },
  {
    "model": "polls.Menu_Item",
    "pk": 18,
    "fields": {
      "menu_id": 3,
      "item_id": 4  
    }
  },
  {
    "model": "polls.Menu_Item",
    "pk": 19,
    "fields": {
      "menu_id": 3,
      "item_id": 6  
    }
  },
  {
    "model": "polls.Menu_Item",
    "pk": 20,
    "fields": {
      "menu_id": 3,
      "item_id": 7  
    }
  },
  {
    "model": "polls.Menu_Item",
    "pk": 21,
    "fields": {
      "menu_id": 3,
      "item_id": 9  
    }
  },
  {
    "model": "polls.Menu_Item",
    "pk": 22,
    "fields": {
      "menu_id": 3,
      "item_id": 10 
    }
  },
  {
    "model": "polls.Menu_Item",
    "pk": 23,
    "fields": {
      "menu_id": 3,
      "item_id": 13 
    }
  },
  {
    "model": "polls.Menu_Item",
    "pk": 24,
    "fields": {
      "menu_id": 3,
      "item_id": 11 
    }
  },
  {
    "model": "polls.Menu_Item",
    "pk": 25,
    "fields": {
      "menu_id": 3,
      "item_id": 17 
    }
  },
  {
    "model": "polls.Menu_Item",
    "pk": 26,
    "fields": {
      "menu_id": 3,
      "item_id": 18   
    }
  },
  {
    "model": "polls.Menu_Item",
    "pk": 27,
    "fields": {
      "menu_id": 3,
      "item_id": 19   
    }
  },
  {
    "model": "polls.Menu_Item",
    "pk": 28,
    "fields": {
      "menu_id": 3,
      "item_id": 20 
    }
  },
  {
    "model": "polls.Menu_Item",
    "pk": 29,
    "fields": {
      "menu_id": 4,
      "item_id": 21   
    }
  },
  {
    "model": "polls.Menu_Item",
    "pk": 30,
    "fields": {
      "menu_id": 4,
      "item_id": 22 
    }
  },
  {
    "model": "polls.Menu_Item",
    "pk": 31,
    "fields": {
      "menu_id": 4,
      "item_id": 16 
    }
  },
  {
    "model": "polls.Menu_Item",
    "pk": 32,
    "fields": {
      "menu_id": 4,
      "item_id": 15 
    }
  },
  {
    "model": "polls.Menu_Item",
    "pk": 33,
    "fields": {
      "menu_id": 4,
      "item_id": 14 
    }
  },
  {
    "model": "polls.Menu_Item",
    "pk": 34,
    "fields": {
      "menu_id": 4,
      "item_id": 12 
    }
  },
  {
    "model": "polls.Menu_Item",
    "pk": 35,
    "fields": {
      "menu_id": 4,
      "item_id": 10 
    }
  },
  {
    "model": "polls.Menu_Item",
    "pk": 36,
    "fields": {
      "menu_id": 4,
      "item_id": 17   
    }
  },
  {
    "model": "polls.Menu_Item",
    "pk": 37,
    "fields": {
      "menu_id": 4,
      "item_id": 18 
    }
  },
  {
    "model": "polls.Menu_Item",
    "pk": 38,
    "fields": {
      "menu_id": 4,
      "item_id": 19 
    }
  },
  {
    "model": "polls.Menu_Item",
    "pk": 39,
    "fields": {
      "menu_id": 4,
      "item_id": 1  
    }
  },
  {
    "model": "polls.Menu_Item",
    "pk": 40,
    "fields": {
      "menu_id": 4,
      "item_id": 6  
    }
  },
  {
  "model": "polls.Item",
  "pk": 23 ,
  "fields": {
   "i_name": " Chicken Doner Wrap + (1 Pc) Chicken + Coke + Fries ",
  "i_cost":  270 ,
   "i_cuisine_id": 7 ,
  "img_url": " https://res.cloudinary.com/swiggy/image/upload/c_fill,f_auto,fl_lossy,h_152,q_80,w_243/rheixhiafnvtverm8auw " 
}
},
{
  "model": "polls.Item",
  "pk": 24 ,
  "fields": {
   "i_name": " Falafel Doner Wrap + Potato Pops + Coke + Fries ",
  "i_cost":  220 ,
   "i_cuisine_id": 11 ,
  "img_url": " https://res.cloudinary.com/swiggy/image/upload/c_fill,f_auto,fl_lossy,h_152,q_80,w_243/c6p5zdfnnbxotwccbgw9 " 
}
},
{
  "model": "polls.Item",
  "pk": 25 ,
  "fields": {
   "i_name": " Hot & Spicy Wings (Chicken) (4 Pcs) ",
  "i_cost":  160 ,
   "i_cuisine_id": 3 ,
  "img_url": " https://res.cloudinary.com/swiggy/image/upload/c_fill,f_auto,fl_lossy,h_152,q_80,w_243/scoc9ie0ukgjitzgbllj " 
}
},
{
  "model": "polls.Item",
  "pk": 26 ,
  "fields": {
   "i_name": " Peri Peri Wings (Chicken) (8 Pcs) ",
  "i_cost":  250 ,
   "i_cuisine_id": 6 ,
  "img_url": " https://res.cloudinary.com/swiggy/image/upload/c_fill,f_auto,fl_lossy,h_152,q_80,w_243/e0et6wmzk8yb1m7ningd " 
}
},
{
  "model": "polls.Item",
  "pk": 27 ,
  "fields": {
   "i_name": " Peri Peri Paneer Wrap ",
  "i_cost":  210 ,
   "i_cuisine_id": 2 ,
  "img_url": " https://res.cloudinary.com/swiggy/image/upload/c_fill,f_auto,fl_lossy,h_152,q_80,w_243/jsbxyhbzyfw8fjz1kuq1 " 
}
},
{
  "model": "polls.Item",
  "pk": 28 ,
  "fields": {
   "i_name": " Peri Peri (Chicken) (Full) ",
  "i_cost":  90 ,
   "i_cuisine_id": 8 ,
  "img_url": " https://res.cloudinary.com/swiggy/image/upload/c_fill,f_auto,fl_lossy,h_152,q_80,w_243/oaqdfqrsmwsl5wyli1ro " 
}
},
{
  "model": "polls.Item",
  "pk": 29 ,
  "fields": {
   "i_name": " Peri Peri (Chicken) (Half) ",
  "i_cost":  150 ,
   "i_cuisine_id": 5 ,
  "img_url": " https://res.cloudinary.com/swiggy/image/upload/c_fill,f_auto,fl_lossy,h_152,q_80,w_243/oun73irxwk1w7fi5xrey " 
}
},
{
  "model": "polls.Item",
  "pk": 30 ,
  "fields": {
   "i_name": " Chicken Tikka ",
  "i_cost":  130 ,
   "i_cuisine_id": 6 ,
  "img_url": " https://res.cloudinary.com/swiggy/image/upload/c_fill,f_auto,fl_lossy,h_152,q_80,w_243/ocq4vnb3dpj4pdw4ma6g " 
}
},
{
  "model": "polls.Item",
  "pk": 31 ,
  "fields": {
   "i_name": " Chicken Doner with Pommes ",
  "i_cost":  380 ,
   "i_cuisine_id": 4 ,
  "img_url": " https://res.cloudinary.com/swiggy/image/upload/c_fill,f_auto,fl_lossy,h_152,q_80,w_243/raxa7isieom7ienktapr " 
}
},
{
  "model": "polls.Item",
  "pk": 32 ,
  "fields": {
   "i_name": " Chicken Doner Wrap ",
  "i_cost":  220 ,
   "i_cuisine_id": 8 ,
  "img_url": " https://res.cloudinary.com/swiggy/image/upload/c_fill,f_auto,fl_lossy,h_152,q_80,w_243/xskelaggzdhqvyyer8oa " 
}
},
{
  "model": "polls.Item",
  "pk": 33 ,
  "fields": {
   "i_name": " Chicken Doner Salad ",
  "i_cost":  110 ,
   "i_cuisine_id": 5 ,
  "img_url": " https://res.cloudinary.com/swiggy/image/upload/c_fill,f_auto,fl_lossy,h_152,q_80,w_243/owyhlcagsh38hl3yrc5a " 
}
},
{
  "model": "polls.Item",
  "pk": 34 ,
  "fields": {
   "i_name": " Chicken Doner Pita with Hummus ",
  "i_cost":  160 ,
   "i_cuisine_id": 4 ,
  "img_url": " https://res.cloudinary.com/swiggy/image/upload/c_fill,f_auto,fl_lossy,h_152,q_80,w_243/b5qc5humsdh5k5ienjxr " 
}
},
{
  "model": "polls.Item",
  "pk": 35 ,
  "fields": {
   "i_name": " Murgh Malai Tikka ",
  "i_cost":  199 ,
   "i_cuisine_id": 2 ,
  "img_url": " https://res.cloudinary.com/swiggy/image/upload/c_fill,f_auto,fl_lossy,g_center,h_152,q_80,w_243/cq6qtyrvjkonki7xpawf " 
}
},
{
  "model": "polls.Item",
  "pk": 36 ,
  "fields": {
   "i_name": " Tandoori Chicken Peshwari (Half) ",
  "i_cost":  250 ,
   "i_cuisine_id": 9 ,
  "img_url": " https://res.cloudinary.com/swiggy/image/upload/c_fill,f_auto,fl_lossy,g_center,h_152,q_80,w_243/kr255sczxq7vc4u3ulz7 " 
}
},
{
  "model": "polls.Item",
  "pk": 37 ,
  "fields": {
   "i_name": " Green Salad ",
  "i_cost":  99 ,
   "i_cuisine_id": 8 ,
  "img_url": " https://res.cloudinary.com/swiggy/image/upload/c_fill,f_auto,fl_lossy,g_center,h_152,q_80,w_243/jcilr2tubnpnd1cfxxou " 
}
},
{
  "model": "polls.Item",
  "pk": 38 ,
  "fields": {
   "i_name": " Dal Makhani ",
  "i_cost":  150 ,
   "i_cuisine_id": 5 ,
  "img_url": " https://res.cloudinary.com/swiggy/image/upload/c_fill,f_auto,fl_lossy,g_center,h_152,q_80,w_243/vswc3vbm10llg06xqa23 " 
}
},
{
  "model": "polls.Item",
  "pk": 39 ,
  "fields": {
   "i_name": " Chilli Chicken ",
  "i_cost":  250 ,
   "i_cuisine_id": 11 ,
  "img_url": " https://res.cloudinary.com/swiggy/image/upload/c_fill,f_auto,fl_lossy,g_center,h_152,q_80,w_243/cmw66p6tc04g3z6fsche " 
}
},
{
  "model": "polls.Item",
  "pk": 40 ,
  "fields": {
   "i_name": " Mutton Rogan Josh ",
  "i_cost":  299 ,
   "i_cuisine_id": 5 ,
  "img_url": " https://res.cloudinary.com/swiggy/image/upload/c_fill,f_auto,fl_lossy,g_center,h_152,q_80,w_243/kr9jkisifzwidp2xh5ve " 
}
},
{
  "model": "polls.Item",
  "pk": 41 ,
  "fields": {
   "i_name": " Chicken Biryani ",
  "i_cost":  325 ,
   "i_cuisine_id": 6 ,
  "img_url": " https://res.cloudinary.com/swiggy/image/upload/c_fill,f_auto,fl_lossy,g_center,h_152,q_80,w_243/eg0ixaarcciqs6jznamk " 
}
},
{
  "model": "polls.Item",
  "pk": 42 ,
  "fields": {
   "i_name": " Kashmiri Pulao ",
  "i_cost":  125 ,
   "i_cuisine_id": 10 ,
  "img_url": " https://res.cloudinary.com/swiggy/image/upload/c_fill,f_auto,fl_lossy,g_center,h_152,q_80,w_243/xexl3mjutknwaq7ywexq " 
}
},
{
  "model": "polls.Item",
  "pk": 43 ,
  "fields": {
   "i_name": " Curd Rice ",
  "i_cost":  75 ,
   "i_cuisine_id": 10 ,
  "img_url": " https://res.cloudinary.com/swiggy/image/upload/c_fill,f_auto,fl_lossy,g_center,h_152,q_80,w_243/zhu4m28a7enst5tusfke " 
}
},
{
  "model": "polls.Item",
  "pk": 44 ,
  "fields": {
   "i_name": " Chicken Lollipop ",
  "i_cost":  110 ,
   "i_cuisine_id": 5 ,
  "img_url": " https://res.cloudinary.com/swiggy/image/upload/c_fill,f_auto,fl_lossy,g_center,h_152,q_80,w_243/hxiqbbn6h3athher2os8 " 
}
},
{
  "model": "polls.Item",
  "pk": 45 ,
  "fields": {
   "i_name": " Chicken Biryani ",
  "i_cost":  150 ,
   "i_cuisine_id": 10 ,
  "img_url": " https://res.cloudinary.com/swiggy/image/upload/c_fill,f_auto,fl_lossy,g_center,h_152,q_80,w_243/aecfihi0mzwncaugbyii " 
}
},
{
  "model": "polls.Item",
  "pk": 46 ,
  "fields": {
   "i_name": " Creamy White Pasta ",
  "i_cost":  210 ,
   "i_cuisine_id": 4 ,
  "img_url": " https://res.cloudinary.com/swiggy/image/upload/c_fill,f_auto,fl_lossy,g_center,h_152,q_80,w_243/a41wnxgci7fet6x9v19q " 
}
},
{
  "model": "polls.Item",
  "pk": 47 ,
  "fields": {
   "i_name": " Cappuccino ",
  "i_cost":  85 ,
   "i_cuisine_id": 11 ,
  "img_url": " https://res.cloudinary.com/swiggy/image/upload/c_fill,f_auto,fl_lossy,g_center,h_152,q_80,w_243/tsmav0zqw75haif4sqrj " 
}
},
{
  "model": "polls.Item",
  "pk": 48 ,
  "fields": {
   "i_name": " Tandoori Chicken ",
  "i_cost":  180 ,
   "i_cuisine_id": 1 ,
  "img_url": " https://res.cloudinary.com/swiggy/image/upload/c_fill,f_auto,fl_lossy,h_152,q_80,w_243/ekjcce6xfxpl5fargjzo " 
}
},
{
  "model": "polls.Item",
  "pk": 49 ,
  "fields": {
   "i_name": " Chicken Reshmi Kebab ",
  "i_cost":  190 ,
   "i_cuisine_id": 7 ,
  "img_url": " https://res.cloudinary.com/swiggy/image/upload/c_fill,f_auto,fl_lossy,h_152,q_80,w_243/igq9acbhsu50kvfgn4bp " 
}
},
{
  "model": "polls.Item",
  "pk": 50 ,
  "fields": {
   "i_name": " Chicken Tikka Kebab ",
  "i_cost":  190 ,
   "i_cuisine_id": 5 ,
  "img_url": " https://res.cloudinary.com/swiggy/image/upload/c_fill,f_auto,fl_lossy,h_152,q_80,w_243/rbo48w0zv9qlhlde4l4k " 
}
},
{
  "model": "polls.Item",
  "pk": 51 ,
  "fields": {
   "i_name": " Mutton Seekh Kebab (2 Pcs) ",
  "i_cost":  180 ,
   "i_cuisine_id": 9 ,
  "img_url": " https://res.cloudinary.com/swiggy/image/upload/c_fill,f_auto,fl_lossy,h_152,q_80,w_243/pjfvuxhesy0iygua1j0k " 
}
},
{
  "model": "polls.Item",
  "pk": 52 ,
  "fields": {
   "i_name": " Chicken Curry ",
  "i_cost":  165 ,
   "i_cuisine_id": 5 ,
  "img_url": " https://res.cloudinary.com/swiggy/image/upload/c_fill,f_auto,fl_lossy,h_152,q_80,w_243/ycfxddjd9tszzlpq9zkz " 
}
},
{
  "model": "polls.Item",
  "pk": 53 ,
  "fields": {
   "i_name": " Kundan Korma (Mutton) ",
  "i_cost":  120 ,
   "i_cuisine_id": 10 ,
  "img_url": " https://res.cloudinary.com/swiggy/image/upload/c_fill,f_auto,fl_lossy,h_152,q_80,w_243/lgyofrl3jzm574xkf8tj " 
}
},
{
  "model": "polls.Item",
  "pk": 54 ,
  "fields": {
   "i_name": " Mutton Kasha (2 Pcs) ",
  "i_cost":  190 ,
   "i_cuisine_id": 10 ,
  "img_url": " https://res.cloudinary.com/swiggy/image/upload/c_fill,f_auto,fl_lossy,h_152,q_80,w_243/fesrp9kjngehb6otqozc " 
}
},
{
  "model": "polls.Item",
  "pk": 55 ,
  "fields": {
   "i_name": " Mutton Keema ",
  "i_cost":  120 ,
   "i_cuisine_id": 10 ,
  "img_url": " https://res.cloudinary.com/swiggy/image/upload/c_fill,f_auto,fl_lossy,h_152,q_80,w_243/qav30tdfk5weua5zjmdf " 
}
},
{
  "model": "polls.Item",
  "pk": 56 ,
  "fields": {
   "i_name": " Royal Mutton Biryani ",
  "i_cost":  180 ,
   "i_cuisine_id": 3 ,
  "img_url": " https://res.cloudinary.com/swiggy/image/upload/c_fill,f_auto,fl_lossy,h_152,q_80,w_243/wrcikhqh1nqzzff4ykbq " 
}
},
{
  "model": "polls.Item",
  "pk": 57 ,
  "fields": {
   "i_name": " Royal Chicken Biryani ",
  "i_cost":  175 ,
   "i_cuisine_id": 10 ,
  "img_url": " https://res.cloudinary.com/swiggy/image/upload/c_fill,f_auto,fl_lossy,h_152,q_80,w_243/mprgucs4r6lgr91bmvbp " 
}
},
{
  "model": "polls.Item",
  "pk": 58 ,
  "fields": {
   "i_name": " Rumali Roti (4 Pcs) ",
  "i_cost":  40 ,
   "i_cuisine_id": 2 ,
  "img_url": " https://res.cloudinary.com/swiggy/image/upload/c_fill,f_auto,fl_lossy,h_152,q_80,w_243/e6cscpzkqkqzuvyr2jzi " 
}
},
{
  "model": "polls.Item",
  "pk": 59 ,
  "fields": {
   "i_name": " Royal Chicken Chaap ",
  "i_cost":  165 ,
   "i_cuisine_id": 8 ,
  "img_url": " https://res.cloudinary.com/swiggy/image/upload/c_fill,f_auto,fl_lossy,h_152,q_80,w_243/yejel2uk75bexbxydfdi " 
}
},
{
  "model": "polls.Item",
  "pk": 60 ,
  "fields": {
   "i_name": " Royal Mutton Chaap ",
  "i_cost":  170 ,
   "i_cuisine_id": 7 ,
  "img_url": " https://res.cloudinary.com/swiggy/image/upload/c_fill,f_auto,fl_lossy,h_152,q_80,w_243/j8yj1mqeevp9kjz29ub5 " 
}
},
{
  "model": "polls.Item",
  "pk": 61 ,
  "fields": {
   "i_name": " Chicken Kadai (2 Pcs) ",
  "i_cost":  180 ,
   "i_cuisine_id": 3 ,
  "img_url": " https://res.cloudinary.com/swiggy/image/upload/c_fill,f_auto,fl_lossy,h_152,q_80,w_243/sg5au6um0zvlzutmnj2m " 
}
},
{
  "model": "polls.Item",
  "pk": 62 ,
  "fields": {
   "i_name": " Chicken Biryani ",
  "i_cost":  99 ,
   "i_cuisine_id": 11 ,
  "img_url": " https://res.cloudinary.com/swiggy/image/upload/v1479449565/swiggy_assured_yvyjkl.png " 
}
},
{
  "model": "polls.Item",
  "pk": 63 ,
  "fields": {
   "i_name": " Mutton Biryani ",
  "i_cost":  99 ,
   "i_cuisine_id": 7 ,
  "img_url": " https://res.cloudinary.com/swiggy/image/upload/c_fill,f_auto,fl_lossy,h_152,q_80,w_243/nixarfveerng77yb082w " 
}
},
{
  "model": "polls.Item",
  "pk": 64 ,
  "fields": {
   "i_name": " Mutton Tikya ",
  "i_cost":  50 ,
   "i_cuisine_id": 11 ,
  "img_url": " https://res.cloudinary.com/swiggy/image/upload/c_fill,f_auto,fl_lossy,h_152,q_80,w_243/gjxmv4hoihepxdz0aowb " 
}
},
{
  "model": "polls.Item",
  "pk": 65 ,
  "fields": {
   "i_name": " Mutton Chaap ",
  "i_cost":  135 ,
   "i_cuisine_id": 10 ,
  "img_url": " https://res.cloudinary.com/swiggy/image/upload/c_fill,f_auto,fl_lossy,h_152,q_80,w_243/k6cipn7327nk1rhwurnc " 
}
},
{
  "model": "polls.Item",
  "pk": 66 ,
  "fields": {
   "i_name": " Chicken Tandoori ",
  "i_cost":  135 ,
   "i_cuisine_id": 7 ,
  "img_url": " https://res.cloudinary.com/swiggy/image/upload/c_fill,f_auto,fl_lossy,h_152,q_80,w_243/gnh1vcek5kh1ftly739d " 
}
},
{
  "model": "polls.Item",
  "pk": 67 ,
  "fields": {
   "i_name": " Mezban Special Tangdi Kebab ",
  "i_cost":  100 ,
   "i_cuisine_id": 1 ,
  "img_url": " https://res.cloudinary.com/swiggy/image/upload/c_fill,f_auto,fl_lossy,h_152,q_80,w_243/ugc9plchckoq9ms0fobc " 
}
},
{
  "model": "polls.Item",
  "pk": 68 ,
  "fields": {
   "i_name": " Chicken Hariyali (6 Pcs) ",
  "i_cost":  170 ,
   "i_cuisine_id": 4 ,
  "img_url": " https://res.cloudinary.com/swiggy/image/upload/c_fill,f_auto,fl_lossy,h_152,q_80,w_243/fbxcwrzh1vdou1agpnjm " 
}
},
{
  "model": "polls.Item",
  "pk": 69 ,
  "fields": {
   "i_name": " Chicken Sangri Kebab ",
  "i_cost":  180 ,
   "i_cuisine_id": 7 ,
  "img_url": " https://res.cloudinary.com/swiggy/image/upload/c_fill,f_auto,fl_lossy,h_152,q_80,w_243/nthteu0kmcmljelljbml " 
}
},
{
  "model": "polls.Item",
  "pk": 70 ,
  "fields": {
   "i_name": " Mezban Special Chicken Cheese Kebab (6 Pcs) ",
  "i_cost":  280 ,
   "i_cuisine_id": 7 ,
  "img_url": " https://res.cloudinary.com/swiggy/image/upload/c_fill,f_auto,fl_lossy,h_152,q_80,w_243/i9athh6hn4odesnvgdqk " 
}
},
{
  "model": "polls.Item",
  "pk": 71 ,
  "fields": {
   "i_name": " Mattar Paneer (5 Pcs) ",
  "i_cost":  85 ,
   "i_cuisine_id": 2 ,
  "img_url": " https://res.cloudinary.com/swiggy/image/upload/c_fill,f_auto,fl_lossy,h_152,q_80,w_243/zcuqm55zkgupucvovpgc " 
}
},
{
  "model": "polls.Item",
  "pk": 72 ,
  "fields": {
   "i_name": " Mutton Stew Special (4 Pcs) ",
  "i_cost":  125 ,
   "i_cuisine_id": 3 ,
  "img_url": " https://res.cloudinary.com/swiggy/image/upload/c_fill,f_auto,fl_lossy,h_152,q_80,w_243/bpu6nmbk4alwdkxgvqef " 
}
},
{
  "model": "polls.Item",
  "pk": 73 ,
  "fields": {
   "i_name": " Mutton Rezala (1 Pc) ",
  "i_cost":  125 ,
   "i_cuisine_id": 2 ,
  "img_url": " https://res.cloudinary.com/swiggy/image/upload/c_fill,f_auto,fl_lossy,h_152,q_80,w_243/lf07gvjaw4rxwouzxmqc " 
}
},
{
  "model": "polls.Item",
  "pk": 74 ,
  "fields": {
   "i_name": " Boneless Mutton Pasinda ",
  "i_cost":  135 ,
   "i_cuisine_id": 1 ,
  "img_url": " https://res.cloudinary.com/swiggy/image/upload/c_fill,f_auto,fl_lossy,h_152,q_80,w_243/ifpzgezevid9j4lud67c " 
}
},
{
  "model": "polls.Item",
  "pk": 75 ,
  "fields": {
   "i_name": " Mutton Hyderabadi (2 Pcs) ",
  "i_cost":  135 ,
   "i_cuisine_id": 10 ,
  "img_url": " https://res.cloudinary.com/swiggy/image/upload/c_fill,f_auto,fl_lossy,h_152,q_80,w_243/q6wwerrgeqgnhstekarq " 
}
},
{
  "model": "polls.Item",
  "pk": 76 ,
  "fields": {
   "i_name": " Butter Naan (2 Pcs) ",
  "i_cost":  170 ,
   "i_cuisine_id": 10 ,
  "img_url": " https://res.cloudinary.com/swiggy/image/upload/c_fill,f_auto,fl_lossy,h_152,q_80,w_243/jvdo98w44cfu0pml2xoo " 
}
},
{
  "model": "polls.Item",
  "pk": 77 ,
  "fields": {
   "i_name": " Chicken Cheese Steamed Momos ",
  "i_cost":  130 ,
   "i_cuisine_id": 8 ,
  "img_url": " https://res.cloudinary.com/swiggy/image/upload/c_fill,f_auto,fl_lossy,h_152,q_80,w_243/opu3efdjsvckicmhyito " 
}
},
{
  "model": "polls.Item",
  "pk": 78 ,
  "fields": {
   "i_name": " Chicken Steamed Momos ",
  "i_cost":  95 ,
   "i_cuisine_id": 5 ,
  "img_url": " https://res.cloudinary.com/swiggy/image/upload/c_fill,f_auto,fl_lossy,h_152,q_80,w_243/a8f8ecjtmeyob4djabrg " 
}
},
{
  "model": "polls.Item",
  "pk": 79 ,
  "fields": {
   "i_name": " Prawns Steamed Momos ",
  "i_cost":  130 ,
   "i_cuisine_id": 5 ,
  "img_url": " https://res.cloudinary.com/swiggy/image/upload/c_fill,f_auto,fl_lossy,h_152,q_80,w_243/euarnicqtfhfhasgckts " 
}
},
{
  "model": "polls.Item",
  "pk": 80 ,
  "fields": {
   "i_name": " Corn Spring Onion Steamed Momos ",
  "i_cost":  100 ,
   "i_cuisine_id": 5 ,
  "img_url": " https://res.cloudinary.com/swiggy/image/upload/c_fill,f_auto,fl_lossy,h_152,q_80,w_243/o4be9xx9z9bsanqkl0g6 " 
}
},
{
  "model": "polls.Item",
  "pk": 81 ,
  "fields": {
   "i_name": " Paneer Steamed Momos ",
  "i_cost":  100 ,
   "i_cuisine_id": 2 ,
  "img_url": " https://res.cloudinary.com/swiggy/image/upload/c_fill,f_auto,fl_lossy,h_152,q_80,w_243/xi2rirlufswhjli0rdik " 
}
},
{
  "model": "polls.Item",
  "pk": 82 ,
  "fields": {
   "i_name": " Corn Spring Onion Fried Momos ",
  "i_cost":  110 ,
   "i_cuisine_id": 1 ,
  "img_url": " https://res.cloudinary.com/swiggy/image/upload/c_fill,f_auto,fl_lossy,h_152,q_80,w_243/emjeoj4dodwgpnsiafmp " 
}
},
{
  "model": "polls.Item",
  "pk": 83 ,
  "fields": {
   "i_name": " Veg Thukpa ",
  "i_cost":  115 ,
   "i_cuisine_id": 6 ,
  "img_url": " https://res.cloudinary.com/swiggy/image/upload/c_fill,f_auto,fl_lossy,h_152,q_80,w_243/clbaynsubygnnnc5mxra " 
}
},
{
  "model": "polls.Item",
  "pk": 84 ,
  "fields": {
   "i_name": " Chicken Thukpa ",
  "i_cost":  110 ,
   "i_cuisine_id": 4 ,
  "img_url": " https://res.cloudinary.com/swiggy/image/upload/c_fill,f_auto,fl_lossy,h_152,q_80,w_243/ho4qjaeynyprmoq3yaks " 
}
},
{
  "model": "polls.Item",
  "pk": 85 ,
  "fields": {
   "i_name": " Veg Momos Burger ",
  "i_cost":  115 ,
   "i_cuisine_id": 7 ,
  "img_url": " https://res.cloudinary.com/swiggy/image/upload/c_fill,f_auto,fl_lossy,h_152,q_80,w_243/lylwdx2c8qr0x4hiq9uj " 
}
},
{
  "model": "polls.Item",
  "pk": 86 ,
  "fields": {
   "i_name": " Chicken Momos Burger ",
  "i_cost":  55 ,
   "i_cuisine_id": 10 ,
  "img_url": " https://res.cloudinary.com/swiggy/image/upload/c_fill,f_auto,fl_lossy,h_152,q_80,w_243/hlv49cdpxnuniq01vzv9 " 
}
},
{
  "model": "polls.Item",
  "pk": 87 ,
  "fields": {
   "i_name": " Chocolate Momos ",
  "i_cost":  65 ,
   "i_cuisine_id": 10 ,
  "img_url": " https://res.cloudinary.com/swiggy/image/upload/c_fill,f_auto,fl_lossy,h_152,q_80,w_243/yn8k5gj7p81bh9evnp6x " 
}
},
{
  "model": "polls.Item",
  "pk": 88 ,
  "fields": {
   "i_name": " Chocolate Momos Platter (5 Pcs) ",
  "i_cost":  35 ,
   "i_cuisine_id": 7 ,
  "img_url": " https://res.cloudinary.com/swiggy/image/upload/c_fill,f_auto,fl_lossy,h_152,q_80,w_243/bfk3mnmlzwo2groc6h6b " 
}
},
{
  "model": "polls.Item",
  "pk": 89 ,
  "fields": {
   "i_name": " Tandoori Chicken (Half) ",
  "i_cost":  165 ,
   "i_cuisine_id": 5 ,
  "img_url": " https://res.cloudinary.com/swiggy/image/upload/c_fill,f_auto,fl_lossy,h_152,q_80,w_243/nwgripyhdd2izjcxhcjo " 
}
},
{
  "model": "polls.Item",
  "pk": 90 ,
  "fields": {
   "i_name": " Chicken Reshmi Kebab ",
  "i_cost":  180 ,
   "i_cuisine_id": 4 ,
  "img_url": " https://res.cloudinary.com/swiggy/image/upload/c_fill,f_auto,fl_lossy,h_152,q_80,w_243/llklayr33h2si7zdwkou " 
}
},
{
  "model": "polls.Item",
  "pk": 91 ,
  "fields": {
   "i_name": " Chicken Tikka Kebab ",
  "i_cost":  180 ,
   "i_cuisine_id": 3 ,
  "img_url": " https://res.cloudinary.com/swiggy/image/upload/c_fill,f_auto,fl_lossy,h_152,q_80,w_243/y9h58ie6er3kn7lwaziq " 
}
},
{
  "model": "polls.Item",
  "pk": 92 ,
  "fields": {
   "i_name": " Boneless Chilli Chicken Dry ",
  "i_cost":  195 ,
   "i_cuisine_id": 7 ,
  "img_url": " https://res.cloudinary.com/swiggy/image/upload/c_fill,f_auto,fl_lossy,h_152,q_80,w_243/nwdkmsrzkjqsyrtq2xze " 
}
},
{
  "model": "polls.Item",
  "pk": 93 ,
  "fields": {
   "i_name": " Chung Wah's Special Chilli Chicken Dry ",
  "i_cost":  195 ,
   "i_cuisine_id": 10 ,
  "img_url": " https://res.cloudinary.com/swiggy/image/upload/c_fill,f_auto,fl_lossy,h_152,q_80,w_243/gbhpxpcw3ws2c6kyox0h " 
}
},
{
  "model": "polls.Item",
  "pk": 94 ,
  "fields": {
   "i_name": " Special Boneless Chilli Chicken Dry ",
  "i_cost":  200 ,
   "i_cuisine_id": 1 ,
  "img_url": " https://res.cloudinary.com/swiggy/image/upload/c_fill,f_auto,fl_lossy,h_152,q_80,w_243/qm2pwq1nhog7oeezatq7 " 
}
},
{
  "model": "polls.Item",
  "pk": 95 ,
  "fields": {
   "i_name": " Fish Finger ",
  "i_cost":  185 ,
   "i_cuisine_id": 7 ,
  "img_url": " https://res.cloudinary.com/swiggy/image/upload/c_fill,f_auto,fl_lossy,h_152,q_80,w_243/m9c4s39dxmcpbvfxoumu " 
}
},
{
  "model": "polls.Item",
  "pk": 96 ,
  "fields": {
   "i_name": " Sliced Chicken with Vetetable ",
  "i_cost":  185 ,
   "i_cuisine_id": 5 ,
  "img_url": " https://res.cloudinary.com/swiggy/image/upload/c_fill,f_auto,fl_lossy,h_152,q_80,w_243/mrwvooldud0plb9td5zj " 
}
},
{
  "model": "polls.Item",
  "pk": 97 ,
  "fields": {
   "i_name": " Chilli Fish ",
  "i_cost":  185 ,
   "i_cuisine_id": 6 ,
  "img_url": " https://res.cloudinary.com/swiggy/image/upload/c_fill,f_auto,fl_lossy,h_152,q_80,w_243/vh7sr4piyqkxggyxbfbe " 
}
},
{
  "model": "polls.Item",
  "pk": 98 ,
  "fields": {
   "i_name": " Special Chilli Prawn ",
  "i_cost":  225 ,
   "i_cuisine_id": 6 ,
  "img_url": " https://res.cloudinary.com/swiggy/image/upload/c_fill,f_auto,fl_lossy,h_152,q_80,w_243/jpbbtzx93jlfukf4cgcf " 
}
},
{
  "model": "polls.Item",
  "pk": 99 ,
  "fields": {
   "i_name": " Chicken Egg Chow Mein Hakka ",
  "i_cost":  170 ,
   "i_cuisine_id": 11 ,
  "img_url": " https://res.cloudinary.com/swiggy/image/upload/c_fill,f_auto,fl_lossy,h_152,q_80,w_243/ksp04ox7wbug8w9bwnga " 
}
},
{
  "model": "polls.Item",
  "pk": 100 ,
  "fields": {
   "i_name": " Chicken Fried Rice ",
  "i_cost":  165 ,
   "i_cuisine_id": 8 ,
  "img_url": " https://res.cloudinary.com/swiggy/image/upload/c_fill,f_auto,fl_lossy,h_152,q_80,w_243/wzzwr7cxpmro64wm5ltg " 
}
},
{
  "model": "polls.Menu_Item",
  "pk": 41 ,
  "fields": {
   "menu_id":  4 ,
  "item_id":  23
}
},
{
  "model": "polls.Menu_Item",
  "pk": 42 ,
  "fields": {
   "menu_id":  2 ,
  "item_id":  24
}
},
{
  "model": "polls.Menu_Item",
  "pk": 43 ,
  "fields": {
   "menu_id":  4 ,
  "item_id":  25
}
},
{
  "model": "polls.Menu_Item",
  "pk": 44 ,
  "fields": {
   "menu_id":  2 ,
  "item_id":  26
}
},
{
  "model": "polls.Menu_Item",
  "pk": 45 ,
  "fields": {
   "menu_id":  4 ,
  "item_id":  27
}
},
{
  "model": "polls.Menu_Item",
  "pk": 46 ,
  "fields": {
   "menu_id":  4 ,
  "item_id":  28
}
},
{
  "model": "polls.Menu_Item",
  "pk": 47 ,
  "fields": {
   "menu_id":  3 ,
  "item_id":  29
}
},
{
  "model": "polls.Menu_Item",
  "pk": 48 ,
  "fields": {
   "menu_id":  4 ,
  "item_id":  30
}
},
{
  "model": "polls.Menu_Item",
  "pk": 49 ,
  "fields": {
   "menu_id":  4 ,
  "item_id":  31
}
},
{
  "model": "polls.Menu_Item",
  "pk": 50 ,
  "fields": {
   "menu_id":  1 ,
  "item_id":  32
}
},
{
  "model": "polls.Menu_Item",
  "pk": 51 ,
  "fields": {
   "menu_id":  3 ,
  "item_id":  33
}
},
{
  "model": "polls.Menu_Item",
  "pk": 52 ,
  "fields": {
   "menu_id":  3 ,
  "item_id":  34
}
},
{
  "model": "polls.Menu_Item",
  "pk": 53 ,
  "fields": {
   "menu_id":  4 ,
  "item_id":  35
}
},
{
  "model": "polls.Menu_Item",
  "pk": 54 ,
  "fields": {
   "menu_id":  2 ,
  "item_id":  36
}
},
{
  "model": "polls.Menu_Item",
  "pk": 55 ,
  "fields": {
   "menu_id":  4 ,
  "item_id":  37
}
},
{
  "model": "polls.Menu_Item",
  "pk": 56 ,
  "fields": {
   "menu_id":  4 ,
  "item_id":  38
}
},
{
  "model": "polls.Menu_Item",
  "pk": 57 ,
  "fields": {
   "menu_id":  1 ,
  "item_id":  39
}
},
{
  "model": "polls.Menu_Item",
  "pk": 58 ,
  "fields": {
   "menu_id":  2 ,
  "item_id":  40
}
},
{
  "model": "polls.Menu_Item",
  "pk": 59 ,
  "fields": {
   "menu_id":  1 ,
  "item_id":  41
}
},
{
  "model": "polls.Menu_Item",
  "pk": 60 ,
  "fields": {
   "menu_id":  1 ,
  "item_id":  42
}
},
{
  "model": "polls.Menu_Item",
  "pk": 61 ,
  "fields": {
   "menu_id":  1 ,
  "item_id":  43
}
},
{
  "model": "polls.Menu_Item",
  "pk": 62 ,
  "fields": {
   "menu_id":  3 ,
  "item_id":  44
}
},
{
  "model": "polls.Menu_Item",
  "pk": 63 ,
  "fields": {
   "menu_id":  4 ,
  "item_id":  45
}
},
{
  "model": "polls.Menu_Item",
  "pk": 64 ,
  "fields": {
   "menu_id":  4 ,
  "item_id":  46
}
},
{
  "model": "polls.Menu_Item",
  "pk": 65 ,
  "fields": {
   "menu_id":  1 ,
  "item_id":  47
}
},
{
  "model": "polls.Menu_Item",
  "pk": 66 ,
  "fields": {
   "menu_id":  2 ,
  "item_id":  48
}
},
{
  "model": "polls.Menu_Item",
  "pk": 67 ,
  "fields": {
   "menu_id":  4 ,
  "item_id":  49
}
},
{
  "model": "polls.Menu_Item",
  "pk": 68 ,
  "fields": {
   "menu_id":  4 ,
  "item_id":  50
}
},
{
  "model": "polls.Menu_Item",
  "pk": 69 ,
  "fields": {
   "menu_id":  3 ,
  "item_id":  51
}
},
{
  "model": "polls.Menu_Item",
  "pk": 70 ,
  "fields": {
   "menu_id":  3 ,
  "item_id":  52
}
},
{
  "model": "polls.Menu_Item",
  "pk": 71 ,
  "fields": {
   "menu_id":  3 ,
  "item_id":  53
}
},
{
  "model": "polls.Menu_Item",
  "pk": 72 ,
  "fields": {
   "menu_id":  4 ,
  "item_id":  54
}
},
{
  "model": "polls.Menu_Item",
  "pk": 73 ,
  "fields": {
   "menu_id":  1 ,
  "item_id":  55
}
},
{
  "model": "polls.Menu_Item",
  "pk": 74 ,
  "fields": {
   "menu_id":  3 ,
  "item_id":  56
}
},
{
  "model": "polls.Menu_Item",
  "pk": 75 ,
  "fields": {
   "menu_id":  3 ,
  "item_id":  57
}
},
{
  "model": "polls.Menu_Item",
  "pk": 76 ,
  "fields": {
   "menu_id":  2 ,
  "item_id":  58
}
},
{
  "model": "polls.Menu_Item",
  "pk": 77 ,
  "fields": {
   "menu_id":  1 ,
  "item_id":  59
}
},
{
  "model": "polls.Menu_Item",
  "pk": 78 ,
  "fields": {
   "menu_id":  3 ,
  "item_id":  60
}
},
{
  "model": "polls.Menu_Item",
  "pk": 79 ,
  "fields": {
   "menu_id":  3 ,
  "item_id":  61
}
},
{
  "model": "polls.Menu_Item",
  "pk": 80 ,
  "fields": {
   "menu_id":  2 ,
  "item_id":  62
}
},
{
  "model": "polls.Menu_Item",
  "pk": 81 ,
  "fields": {
   "menu_id":  1 ,
  "item_id":  63
}
},
{
  "model": "polls.Menu_Item",
  "pk": 82 ,
  "fields": {
   "menu_id":  2 ,
  "item_id":  64
}
},
{
  "model": "polls.Menu_Item",
  "pk": 83 ,
  "fields": {
   "menu_id":  2 ,
  "item_id":  65
}
},
{
  "model": "polls.Menu_Item",
  "pk": 84 ,
  "fields": {
   "menu_id":  3 ,
  "item_id":  66
}
},
{
  "model": "polls.Menu_Item",
  "pk": 85 ,
  "fields": {
   "menu_id":  2 ,
  "item_id":  67
}
},
{
  "model": "polls.Menu_Item",
  "pk": 86 ,
  "fields": {
   "menu_id":  4 ,
  "item_id":  68
}
},
{
  "model": "polls.Menu_Item",
  "pk": 87 ,
  "fields": {
   "menu_id":  2 ,
  "item_id":  69
}
},
{
  "model": "polls.Menu_Item",
  "pk": 88 ,
  "fields": {
   "menu_id":  2 ,
  "item_id":  70
}
},
{
  "model": "polls.Menu_Item",
  "pk": 89 ,
  "fields": {
   "menu_id":  1 ,
  "item_id":  71
}
},
{
  "model": "polls.Menu_Item",
  "pk": 90 ,
  "fields": {
   "menu_id":  1 ,
  "item_id":  72
}
},
{
  "model": "polls.Menu_Item",
  "pk": 91 ,
  "fields": {
   "menu_id":  1 ,
  "item_id":  73
}
},
{
  "model": "polls.Menu_Item",
  "pk": 92 ,
  "fields": {
   "menu_id":  1 ,
  "item_id":  74
}
},
{
  "model": "polls.Menu_Item",
  "pk": 93 ,
  "fields": {
   "menu_id":  3 ,
  "item_id":  75
}
},
{
  "model": "polls.Menu_Item",
  "pk": 94 ,
  "fields": {
   "menu_id":  2 ,
  "item_id":  76
}
},
{
  "model": "polls.Menu_Item",
  "pk": 95 ,
  "fields": {
   "menu_id":  4 ,
  "item_id":  77
}
},
{
  "model": "polls.Menu_Item",
  "pk": 96 ,
  "fields": {
   "menu_id":  3 ,
  "item_id":  78
}
},
{
  "model": "polls.Menu_Item",
  "pk": 97 ,
  "fields": {
   "menu_id":  2 ,
  "item_id":  79
}
},
{
  "model": "polls.Menu_Item",
  "pk": 98 ,
  "fields": {
   "menu_id":  4 ,
  "item_id":  80
}
},
{
  "model": "polls.Menu_Item",
  "pk": 99 ,
  "fields": {
   "menu_id":  1 ,
  "item_id":  81
}
},
{
  "model": "polls.Menu_Item",
  "pk": 100 ,
  "fields": {
   "menu_id":  4 ,
  "item_id":  82
}
},
{
  "model": "polls.Menu_Item",
  "pk": 101 ,
  "fields": {
   "menu_id":  1 ,
  "item_id":  83
}
},
{
  "model": "polls.Menu_Item",
  "pk": 102 ,
  "fields": {
   "menu_id":  2 ,
  "item_id":  84
}
},
{
  "model": "polls.Menu_Item",
  "pk": 103 ,
  "fields": {
   "menu_id":  3 ,
  "item_id":  85
}
},
{
  "model": "polls.Menu_Item",
  "pk": 104 ,
  "fields": {
   "menu_id":  2 ,
  "item_id":  86
}
},
{
  "model": "polls.Menu_Item",
  "pk": 105 ,
  "fields": {
   "menu_id":  3 ,
  "item_id":  87
}
},
{
  "model": "polls.Menu_Item",
  "pk": 106 ,
  "fields": {
   "menu_id":  2 ,
  "item_id":  88
}
},
{
  "model": "polls.Menu_Item",
  "pk": 107 ,
  "fields": {
   "menu_id":  1 ,
  "item_id":  89
}
},
{
  "model": "polls.Menu_Item",
  "pk": 108 ,
  "fields": {
   "menu_id":  4 ,
  "item_id":  90
}
},
{
  "model": "polls.Menu_Item",
  "pk": 109 ,
  "fields": {
   "menu_id":  1 ,
  "item_id":  91
}
},
{
  "model": "polls.Menu_Item",
  "pk": 110 ,
  "fields": {
   "menu_id":  3 ,
  "item_id":  92
}
},
{
  "model": "polls.Menu_Item",
  "pk": 111 ,
  "fields": {
   "menu_id":  4 ,
  "item_id":  93
}
},
{
  "model": "polls.Menu_Item",
  "pk": 112 ,
  "fields": {
   "menu_id":  1 ,
  "item_id":  94
}
},
{
  "model": "polls.Menu_Item",
  "pk": 113 ,
  "fields": {
   "menu_id":  4 ,
  "item_id":  95
}
},
{
  "model": "polls.Menu_Item",
  "pk": 114 ,
  "fields": {
   "menu_id":  2 ,
  "item_id":  96
}
},
{
  "model": "polls.Menu_Item",
  "pk": 115 ,
  "fields": {
   "menu_id":  2 ,
  "item_id":  97
}
},
{
  "model": "polls.Menu_Item",
  "pk": 116 ,
  "fields": {
   "menu_id":  2 ,
  "item_id":  98
}
},
{
  "model": "polls.Menu_Item",
  "pk": 117 ,
  "fields": {
   "menu_id":  4 ,
  "item_id":  99
}
},
{
  "model": "polls.Menu_Item",
  "pk": 118 ,
  "fields": {
   "menu_id":  2 ,
  "item_id":  100
}
},
{
  "model": "polls.Restaurant_Menu",
  "pk": 11 ,
  "fields": {
   "menu_id":  1 ,
  "restaurant":  11
}
},
{
  "model": "polls.Restaurant_Menu",
  "pk": 12 ,
  "fields": {
   "menu_id":  1 ,
  "restaurant":  12
}
},
{
  "model": "polls.Restaurant_Menu",
  "pk": 13 ,
  "fields": {
   "menu_id":  2 ,
  "restaurant":  13
}
},
{
  "model": "polls.Restaurant_Menu",
  "pk": 14 ,
  "fields": {
   "menu_id":  2 ,
  "restaurant":  14
}
},
{
  "model": "polls.Restaurant_Menu",
  "pk": 15 ,
  "fields": {
   "menu_id":  4 ,
  "restaurant":  15
}
},
{
  "model": "polls.Restaurant_Menu",
  "pk": 16 ,
  "fields": {
   "menu_id":  2 ,
  "restaurant":  16
}
},
{
  "model": "polls.Restaurant_Menu",
  "pk": 17 ,
  "fields": {
   "menu_id":  4 ,
  "restaurant":  17
}
},
{
  "model": "polls.Restaurant_Menu",
  "pk": 18 ,
  "fields": {
   "menu_id":  3 ,
  "restaurant":  18
}
},
{
  "model": "polls.Restaurant_Menu",
  "pk": 19 ,
  "fields": {
   "menu_id":  1 ,
  "restaurant":  19
}
},
{
  "model": "polls.Restaurant_Menu",
  "pk": 20 ,
  "fields": {
   "menu_id":  2 ,
  "restaurant":  20
}
},
{
  "model": "polls.Restaurant_Menu",
  "pk": 21 ,
  "fields": {
   "menu_id":  2 ,
  "restaurant":  21
}
},
{
  "model": "polls.Restaurant_Menu",
  "pk": 22 ,
  "fields": {
   "menu_id":  4 ,
  "restaurant":  22
}
},
{
  "model": "polls.Restaurant_Menu",
  "pk": 23 ,
  "fields": {
   "menu_id":  4 ,
  "restaurant":  23
}
},
{
  "model": "polls.Restaurant_Menu",
  "pk": 24 ,
  "fields": {
   "menu_id":  2 ,
  "restaurant":  24
}
},
{
  "model": "polls.Restaurant_Menu",
  "pk": 25 ,
  "fields": {
   "menu_id":  1 ,
  "restaurant":  25
}
},
{
  "model": "polls.Restaurant_Menu",
  "pk": 26 ,
  "fields": {
   "menu_id":  4 ,
  "restaurant":  26
}
},
{
  "model": "polls.Restaurant_Menu",
  "pk": 27 ,
  "fields": {
   "menu_id":  4 ,
  "restaurant":  27
}
},
{
  "model": "polls.Restaurant_Menu",
  "pk": 28 ,
  "fields": {
   "menu_id":  2 ,
  "restaurant":  28
}
},
{
  "model": "polls.Restaurant_Menu",
  "pk": 29 ,
  "fields": {
   "menu_id":  4 ,
  "restaurant":  29
}
},
{
  "model": "polls.Restaurant_Menu",
  "pk": 30 ,
  "fields": {
   "menu_id":  3 ,
  "restaurant":  30
}
},
{
  "model": "polls.Restaurant_Menu",
  "pk": 31 ,
  "fields": {
   "menu_id":  1 ,
  "restaurant":  31
}
},
{
  "model": "polls.Restaurant_Menu",
  "pk": 32 ,
  "fields": {
   "menu_id":  1 ,
  "restaurant":  32
}
},
{
  "model": "polls.Restaurant_Menu",
  "pk": 33 ,
  "fields": {
   "menu_id":  3 ,
  "restaurant":  33
}
},
{
  "model": "polls.Restaurant_Menu",
  "pk": 34 ,
  "fields": {
   "menu_id":  1 ,
  "restaurant":  34
}
},
{
  "model": "polls.Restaurant_Menu",
  "pk": 35 ,
  "fields": {
   "menu_id":  2 ,
  "restaurant":  35
}
},
{
  "model": "polls.Restaurant_Menu",
  "pk": 36 ,
  "fields": {
   "menu_id":  3 ,
  "restaurant":  36
}
},
{
  "model": "polls.Restaurant_Menu",
  "pk": 37 ,
  "fields": {
   "menu_id":  4 ,
  "restaurant":  37
}
},
{
  "model": "polls.Restaurant_Menu",
  "pk": 38 ,
  "fields": {
   "menu_id":  4 ,
  "restaurant":  38
}
},
{
  "model": "polls.Restaurant_Menu",
  "pk": 39 ,
  "fields": {
   "menu_id":  4 ,
  "restaurant":  39
}
},
{
  "model": "polls.Restaurant_Menu",
  "pk": 40 ,
  "fields": {
   "menu_id":  3 ,
  "restaurant":  40
}
},
{
  "model": "polls.Restaurant_Menu",
  "pk": 41 ,
  "fields": {
   "menu_id":  2 ,
  "restaurant":  41
}
},
{
  "model": "polls.Restaurant_Menu",
  "pk": 42 ,
  "fields": {
   "menu_id":  2 ,
  "restaurant":  42
}
},
{
  "model": "polls.Restaurant_Menu",
  "pk": 43 ,
  "fields": {
   "menu_id":  1 ,
  "restaurant":  43
}
},
{
  "model": "polls.Restaurant_Menu",
  "pk": 44 ,
  "fields": {
   "menu_id":  4 ,
  "restaurant":  44
}
},
{
  "model": "polls.Restaurant_Menu",
  "pk": 45 ,
  "fields": {
   "menu_id":  4 ,
  "restaurant":  45
}
},
{
  "model": "polls.Restaurant_Menu",
  "pk": 46 ,
  "fields": {
   "menu_id":  2 ,
  "restaurant":  46
}
},
{
  "model": "polls.Restaurant_Menu",
  "pk": 47 ,
  "fields": {
   "menu_id":  3 ,
  "restaurant":  47
}
},
{
  "model": "polls.Restaurant_Menu",
  "pk": 48 ,
  "fields": {
   "menu_id":  3 ,
  "restaurant":  48
}
},
{
  "model": "polls.Restaurant_Menu",
  "pk": 49 ,
  "fields": {
   "menu_id":  2 ,
  "restaurant":  49
}
},
{
  "model": "polls.Restaurant_Menu",
  "pk": 50 ,
  "fields": {
   "menu_id":  2 ,
  "restaurant":  50
}
},
{
  "model": "polls.Restaurant_Menu",
  "pk": 51 ,
  "fields": {
   "menu_id":  3 ,
  "restaurant":  51
}
},
{
  "model": "polls.Restaurant_Menu",
  "pk": 52 ,
  "fields": {
   "menu_id":  2 ,
  "restaurant":  52
}
},
{
  "model": "polls.Restaurant_Menu",
  "pk": 53 ,
  "fields": {
   "menu_id":  3 ,
  "restaurant":  53
}
},
{
  "model": "polls.Restaurant_Menu",
  "pk": 54 ,
  "fields": {
   "menu_id":  3 ,
  "restaurant":  54
}
},
{
  "model": "polls.Restaurant_Menu",
  "pk": 55 ,
  "fields": {
   "menu_id":  3 ,
  "restaurant":  55
}
},
{
  "model": "polls.Restaurant_Menu",
  "pk": 56 ,
  "fields": {
   "menu_id":  2 ,
  "restaurant":  56
}
},
{
  "model": "polls.Restaurant_Menu",
  "pk": 57 ,
  "fields": {
   "menu_id":  4 ,
  "restaurant":  57
}
},
{
  "model": "polls.Restaurant_Menu",
  "pk": 58 ,
  "fields": {
   "menu_id":  3 ,
  "restaurant":  58
}
},
{
  "model": "polls.Restaurant_Menu",
  "pk": 59 ,
  "fields": {
   "menu_id":  4 ,
  "restaurant":  59
}
},
{
  "model": "polls.Restaurant_Menu",
  "pk": 60 ,
  "fields": {
   "menu_id":  1 ,
  "restaurant":  60
}
},
{
  "model": "polls.Restaurant_Menu",
  "pk": 61 ,
  "fields": {
   "menu_id":  2 ,
  "restaurant":  61
}
},
{
  "model": "polls.Restaurant_Menu",
  "pk": 62 ,
  "fields": {
   "menu_id":  2 ,
  "restaurant":  62
}
},
{
  "model": "polls.Restaurant_Menu",
  "pk": 63 ,
  "fields": {
   "menu_id":  1 ,
  "restaurant":  63
}
},
{
  "model": "polls.Restaurant_Menu",
  "pk": 64 ,
  "fields": {
   "menu_id":  3 ,
  "restaurant":  64
}
},
{
  "model": "polls.Restaurant_Menu",
  "pk": 65 ,
  "fields": {
   "menu_id":  2 ,
  "restaurant":  65
}
},
{
  "model": "polls.Restaurant_Menu",
  "pk": 66 ,
  "fields": {
   "menu_id":  2 ,
  "restaurant":  66
}
},
{
  "model": "polls.Restaurant_Menu",
  "pk": 67 ,
  "fields": {
   "menu_id":  3 ,
  "restaurant":  67
}
},
{
  "model": "polls.Restaurant_Menu",
  "pk": 68 ,
  "fields": {
   "menu_id":  4 ,
  "restaurant":  68
}
},
{
  "model": "polls.Restaurant_Menu",
  "pk": 69 ,
  "fields": {
   "menu_id":  4 ,
  "restaurant":  69
}
},
{
  "model": "polls.Restaurant_Menu",
  "pk": 70 ,
  "fields": {
   "menu_id":  2 ,
  "restaurant":  70
}
},
{
  "model": "polls.Restaurant_Menu",
  "pk": 71 ,
  "fields": {
   "menu_id":  1 ,
  "restaurant":  71
}
},
{
  "model": "polls.Restaurant_Menu",
  "pk": 72 ,
  "fields": {
   "menu_id":  4 ,
  "restaurant":  72
}
},
{
  "model": "polls.Restaurant_Menu",
  "pk": 73 ,
  "fields": {
   "menu_id":  1 ,
  "restaurant":  73
}
},
{
  "model": "polls.Restaurant_Menu",
  "pk": 74 ,
  "fields": {
   "menu_id":  1 ,
  "restaurant":  74
}
},
{
  "model": "polls.Restaurant_Menu",
  "pk": 75 ,
  "fields": {
   "menu_id":  3 ,
  "restaurant":  75
}
},
{
  "model": "polls.Restaurant_Menu",
  "pk": 76 ,
  "fields": {
   "menu_id":  3 ,
  "restaurant":  76
}
},
{
  "model": "polls.Restaurant_Menu",
  "pk": 77 ,
  "fields": {
   "menu_id":  3 ,
  "restaurant":  77
}
},
{
  "model": "polls.Restaurant_Menu",
  "pk": 78 ,
  "fields": {
   "menu_id":  2 ,
  "restaurant":  78
}
},
{
  "model": "polls.Restaurant_Menu",
  "pk": 79 ,
  "fields": {
   "menu_id":  4 ,
  "restaurant":  79
}
},
{
  "model": "polls.Restaurant_Menu",
  "pk": 80 ,
  "fields": {
   "menu_id":  2 ,
  "restaurant":  80
}
},
{
  "model": "polls.Restaurant_Menu",
  "pk": 81 ,
  "fields": {
   "menu_id":  3 ,
  "restaurant":  81
}
},
{
  "model": "polls.Restaurant_Menu",
  "pk": 82 ,
  "fields": {
   "menu_id":  2 ,
  "restaurant":  82
}
},
{
  "model": "polls.Restaurant_Menu",
  "pk": 83 ,
  "fields": {
   "menu_id":  4 ,
  "restaurant":  83
}
},
{
  "model": "polls.Restaurant_Menu",
  "pk": 84 ,
  "fields": {
   "menu_id":  1 ,
  "restaurant":  84
}
},
{
  "model": "polls.Restaurant_Menu",
  "pk": 85 ,
  "fields": {
   "menu_id":  3 ,
  "restaurant":  85
}
},
{
  "model": "polls.Restaurant_Menu",
  "pk": 86 ,
  "fields": {
   "menu_id":  3 ,
  "restaurant":  86
}
},
{
  "model": "polls.Restaurant_Menu",
  "pk": 87 ,
  "fields": {
   "menu_id":  2 ,
  "restaurant":  87
}
},
{
  "model": "polls.Restaurant_Menu",
  "pk": 88 ,
  "fields": {
   "menu_id":  1 ,
  "restaurant":  88
}
},
{
  "model": "polls.Restaurant_Menu",
  "pk": 89 ,
  "fields": {
   "menu_id":  3 ,
  "restaurant":  89
}
},
{
  "model": "polls.Restaurant_Menu",
  "pk": 90 ,
  "fields": {
   "menu_id":  2 ,
  "restaurant":  90
}
},
{
  "model": "polls.Restaurant_Menu",
  "pk": 91 ,
  "fields": {
   "menu_id":  1 ,
  "restaurant":  91
}
},
{
  "model": "polls.Restaurant_Menu",
  "pk": 92 ,
  "fields": {
   "menu_id":  3 ,
  "restaurant":  92
}
},
{
  "model": "polls.Restaurant_Menu",
  "pk": 93 ,
  "fields": {
   "menu_id":  2 ,
  "restaurant":  93
}
},
{
  "model": "polls.Restaurant_Menu",
  "pk": 94 ,
  "fields": {
   "menu_id":  2 ,
  "restaurant":  94
}
},
{
  "model": "polls.Restaurant_Menu",
  "pk": 95 ,
  "fields": {
   "menu_id":  3 ,
  "restaurant":  95
}
},
{
  "model": "polls.Restaurant_Menu",
  "pk": 96 ,
  "fields": {
   "menu_id":  2 ,
  "restaurant":  96
}
},
{
  "model": "polls.Restaurant_Menu",
  "pk": 97 ,
  "fields": {
   "menu_id":  1 ,
  "restaurant":  97
}
},
{
  "model": "polls.Restaurant_Menu",
  "pk": 98 ,
  "fields": {
   "menu_id":  4 ,
  "restaurant":  98
}
},
{
  "model": "polls.Restaurant_Menu",
  "pk": 99 ,
  "fields": {
   "menu_id":  4 ,
  "restaurant":  99
}
},
{
  "model": "polls.Restaurant_Menu",
  "pk": 100 ,
  "fields": {
   "menu_id":  3 ,
  "restaurant":  100
}
}

]
